abandon,放弃+遗弃+放任+狂热
ability,能力+才干
abnormal,反常的+变态的+
aboard,在船(飞机、车)上+上船(飞机、车)+在(船、飞机、车)上+上(船、飞机、车)
abolish,废止+废除(法律、制度、习俗等)
abortion,流产+堕胎+失败+夭折+中止+早产
abroad,往国外+到处+海外+广泛+差得远+心里没有谱
abrupt,突然的+陡峭的+生硬的
absence,不在+缺席+缺乏+没有
absent,不在的+缺席的+缺少的+缺席
absolute,完全的+绝对的
absorb,吸收+吸引
abstract,摘要+概要+抽象+抽象的+深奥的+理论的+摘要+提炼+抽象化
absurd,荒谬的+可笑的
abundance,丰富+充裕+丰富充裕
abundant,丰富的+充裕的+丰富+盛产+富于
abuse,滥用+虐待+辱骂+陋习+滥用+虐待+辱骂
academic,学院的+理论的
academy,(高等)专科院校+研究院+学会+学术团体+学院
accelerate,加速+促进
accent,重音+口音+重音符
acceptance,接受+承诺+容忍+赞同+相信
access,通路+访问+入门+存取+接近
accessory,附件+零件+附加物+从犯+同谋者+附属的+补充的+同谋的+副的
accident,意外事件+事故
accidental,意外的+非主要的+附属的+非本质属性+次要方面
accommodate,供应+供给+使适应+调节+和解+向...提供+容纳+调和+适应
accommodation,住处+膳宿+(车+船+飞机等的)预定铺位+(眼睛等的)适应性调节+(社会集团间的)迁就融合
accompany,陪伴+伴奏
accomplish,完成+达到+实现
accord,一致+符合+调和+协定+一致+给与+符合
accordance,一致+和谐
according,依照
accordingly,因此+从而
account,计算+帐目+说明+估计+理由+说明+总计有+认为+得分+认为
accountant,会计(员)+会计师
accumulate,积聚+堆积
accuracy,精确性+正确度
accurate,正确的+精确的
accuse,控告+谴责+非难
accustomed,通常的+习惯的+按照风俗习惯的
ache,疼痛+觉得疼痛+渴望
achievement,成就+功绩
acid,[化]酸+<俚>迷幻药+酸的+讽刺的+刻薄的
acknowledge,承认+答谢+报偿
acquaint,使熟知+通知
acquaintance,相识+熟人
acquire,获得+学到
acquisition,获得+获得物
acre,英亩+地产+大片田地
action,动作+作用+战斗+行动+情节+(最能产生效果+最有趣+最有刺激性的活动)+对...起诉
activate,刺激+使活动+有活力
active,积极的+能起作用的+现行的+[语法]主动的+活动的+活跃的+[语法]主动语态+积极分子
activity,活跃+活动性+行动+行为+[核]放射性
acute,敏锐的+[医]急性的+剧烈
adapt,使适应+改编
addict,使沉溺+使上瘾+入迷的人+有瘾的人
addition,加+加起来+增加物+增加+加法
additional,另外的+附加的+额外的
adequate,适当的+足够的
adhere,粘附+胶着+坚持+坚持
adjacent,邻近的+接近的
adjoin,邻接+毗连
adjust,调整+调节+校准+使适合
administration,管理+经营+行政部门
admire,赞美+钦佩+羡慕
admission,允许进入+承认某事之陈述+供认
admit,容许+承认+接纳
adolescent,青春期的+青春的+青少年
adopt,采用+收养
adore,崇拜+爱慕+(口语)喜爱
adult,成人+成年人+成人的+成熟的
advanced,高级的+年老的+先进的
advantage,优势+有利条件+利益
adventure,冒险+冒险的经历+冒险
adverse,不利的+敌对的+相反的
advertise,做广告+登广告
advertisement,广告+做广告
advisable,可取的+明智的
advocate,提倡者+鼓吹者+提倡+鼓吹
aerial,航空的+生活在空气中的+空气的+高耸的+天线
aeroplane,飞机
aesthetic,美学的+审美的+有审美感的
affect,影响+感动+侵袭+假装
affection,友爱+爱情+影响+疾病+倾向
affiliate,(使...)加入+接受为会员
affirm,断言+确认+肯定
afflict,使痛苦+折磨
afford,提供+给予+供应得起
afterward,然后+后来
agency,代理处+行销处+代理+中介
agenda,议程
agent,代理(商)
aggravate,使恶化+加重
aggregate,合计+总计+集合体+合计的+集合的+聚合的+聚集+集合+合计
aggressive,好斗的+敢作敢为的+有闯劲的+侵略性的
agony,苦恼+极大的痛苦
agreeable,使人愉快的+惬意的+适合的
agriculture,农业+农艺+农学
aid,帮助+援助+帮助者+有帮助的事物+资助+援助+帮助
air-conditioning,空调+空调系统+空调机
aircraft,航行器
airline,定期航线
airplane,飞机
airport,<主美>小型民用机场+私人飞机降落场
aisle,走廊+过道
alarm,警报+惊慌+警告器+恐吓+警告
album,集邮本+照相簿+签名纪念册
alcohol,酒精+酒
alert,提防的+警惕的+警惕+警报
alien,外侨+外国的+相异的+不同+背道而驰
alienate,疏远
alike,相同的+相似的+以同样的方式+类似于
allege,宣称+断言
alleviate,使(痛苦等)易于忍受+减轻
alliance,联盟+联合
allocate,分派+分配
allow,允许+承认
allowance,津贴+补助+宽容+允许+定量供应
alloy,合金+使成合金+减低成色
ally,结盟+与...(在血统+性质等上)有关联+同盟+同盟国+支持者
alongside,在旁+横靠
alphabet,字母表
alter,改变
alternate,交替的+轮流的+预备的+交替+轮流+改变
alternative,二中择一+可供选择的办法+事物+选择性的+二中择一的
altitude,(尤指海拔)高度+高处(海拔甚高的地方)+(等级+地位等)高等
aluminium,[化]铝+铝的
amateur,业余爱好者+业余艺术家
amaze,使吃惊
ambassador,大使
ambiguous,暧昧的+不明确的
ambition,野心+雄心
ambitious,有雄心的+野心勃勃的
ambulance,战时流动医院+救护车
amend,修正+改进+改正
amid,在...中
ammunition,军火+弹药
amongst,在...中间+在...之中
amplify,放大+增强+扩大
amuse,使发笑+使愉快
analogy,类似+类推
analyse,分析+分解
analysis,分析+分解
ancestor,祖先+祖宗
anchor,锚+抛锚+锚定
ancient,远古的+旧的
angle,[数]角+角落+钓鱼+追逐
ankle,[解]踝
anniversary,周年纪念
annoy,使苦恼+骚扰
annual,一年生植物+年刊+年鉴+一年一次的+每年的+一年生的
anonymous,匿名的
anticipate,预期+期望+过早使用+先人一着+占先+预订+预见+可以预料
antique,古物+古董+古时的+过时的
anxiety,忧虑+焦急+渴望+热望
anxious,观念的+担忧的+渴望的+盼望的
anyhow,无论如何+总之
anyway,无论如何+总之
apart,分离+分成零件+分别地+分离着+分开的
apartment,<美>公寓住宅+单元住宅+房间
apologize,(apologise)道歉+辩白
apology,(为某种思想+宗教+哲学等)辩解+道歉
apparatus,器械+设备+仪器
apparent,显然的+外观上的
appeal,请求+呼吁+上诉+吸引力+要求+求助+诉请+要求+控诉
appearance,出现+露面+外貌+外观
appease,平息+安抚+缓和+使满足
appendix,附录+附属品+[解]阑尾
appetite,食欲+胃口+欲望+爱好
applaud,拍手喝彩+称赞+赞同
applause,鼓掌欢迎+欢呼
appliance,用具+器具
applicable,可适用的+可应用的
applicant,申请者+请求者
application,请求+申请+申请表+应用+运用+施用+敷用+应用+应用程序+应用软件
apply,申请+应用+申请+适用
appoint,约定+指定(时间+地点)+任命+委任
appointment,约会+指定
appraisal,评价+估价(尤指估价财产+以便征税)+鉴定
appreciate,赏识+鉴赏+感激+增值+涨价
approach,接近+逼近+走进+方法+步骤+途径+通路+接近+动手处理+靠近
appropriate,适当的
approval,赞成+承认+正式批准
approve,赞成+满意+批准+通过+批准
approximate,近似的+大约的+近似+接近+接近+约计
apt,易于...的+有...倾向的+灵敏的+灵巧的+适当的+切题的+敏捷+倾向是
arbitrary,任意的+武断的+独裁的+专断的
arc,弧+弓形+拱
architect,建筑师
architecture,建筑+建筑学+体系机构
arena,竞技场+舞台
argue,争论+辩论+说服
argument,争论+辩论+论据+论点+～(for+against)+意见
arise,出现+发生+起因于
arithmetic,算术+算法
armor,装甲
arouse,唤醒+唤起+鼓励+引起+睡醒
arrange,安排+排列+协商
arrangement,排列+安排
array,排列+编队+军队+衣服+大批+部署+穿着+排列
arrest,逮捕+拘留+吸引+逮捕+拘留
arrival,到来+到达+到达者
arrogant,傲慢的+自大的
arrow,箭+箭头记号
artery,动脉+要道
articulate,有关节的+发音清晰的+用关节连接+接合+清晰明白地说
artificial,人造的+假的+非原产地的
artillery,炮的总称+炮兵的总称
artistic,艺术的+有美感的+风雅的
ascend,攀登+上升
ascertain,确定+探知
ascribe,归因于+归咎于
ash,灰+灰烬+[植]岑树
ashamed,惭愧的+羞耻的
aside,在旁边+到旁边
aspect,样子+外表+面貌+(问题等的)方面
aspiration,热望+渴望
assassination,暗杀
assault,攻击+袭击+袭击
assemble,集合+聚集+装配+集合
assembly,集合+装配+集会+集结+汇编
assert,断言+声称
assess,估定+评定
asset,资产+有用的东西
assign,分配+指派+赋值+[计]将驱动器符重定向至第二个驱动器符
assignment,分配+委派+任务+(课外)作业
assimilate,吸收
assist,援助+帮助
assistance,协助+援助+补助+<英>国家补助
assistant,助手+助教+辅助的+助理的
associate,使发生联系+使联合+交往+结交+合作人+同事+副的
association,协会+联合+结交+联想
assume,假定+设想+采取+呈现
assumption,假定+设想+担任+承当+假装+作态
assurance,确信+断言+保证+担保
assure,断然地说+确告+保证+担保
astonish,使惊讶
athlete,运动员+运动选手
atlas,地图+地图集
atmosphere,大气+空气+气氛
atomic,原子的+原子能的+微粒子的
attach,缚上+系上+贴上+配属+隶属于
attack,进攻+攻击+(用语言)抨击+批评+疾病发作+侵袭+攻击+抨击+动手处理(某事)+攻击
attain,达到+获得+达到
attempt,努力+尝试+企图+尝试+企图
attendant,服务员
attitude,姿势+态度+看法+意见
attorney,<美>律师+(业务或法律事务上的)代理人
attract,吸引+有吸引力+引起注意
attraction,吸引+吸引力+吸引人的事物
attractive,吸引人的+有魅力的
attribute,属性+品质+特征+加于+归结于
auction,拍卖+拍卖
audience,听众+观众+接见+拜见
audio,音频的+声频的+声音的
authentic,可信的
author,作家+创造者
authoritative,权威的+有权威的+命令的
authority,权威+威信+权威人士+权力+职权+典据+著作权威
authorize,批准
auto,<美口>汽车
automatic,自动机械+自动的+无意识的+机械的
automobile,<主美>汽车(=<英>motorcar+car)
autonomous,自治的
autonomy,自治
auxiliary,辅助的+补助的
avail,有益于+有帮助+有用+有利+有利于+效用+利益
available,可用到的+可利用的+有用的+有空的+接受探访的
avenue,林荫道+大街+方法+途径+路
average,平均+平均水平+平均数+海损+一般的+通常的+平均的+平均为+均分+使平衡+达到平均水平+买进+卖出
avert,转移
aviation,飞行+航空+航空学+航空术
avoid,避免+消除
await,等候
award,奖+奖品+授予+判给
aware,知道的+明白的+意识到的
awful,可怕的+威严的+<口>极度的+糟糕的
awkward,难使用的+笨拙的
ax,斧头+削减
axis,轴
bachelor,单身汉+文理学士+幼雄兽
background,背景+后台+不重要或不引人注目的地方或位置
backward,向后地(的)+相反地(的)+追溯+退步+由好变坏
bacon,咸肉+熏肉
bacteria,细菌
baffle,困惑+阻碍+为难
baggage,行李+[军]辎重
bake,烘焙+烤+烧硬
balance,秤+天平+平衡+[商]收支差额+结余+余额+平衡+称+权衡+对比+结算+资产平稳表
balcony,阳台+包厢+(戏院)楼厅
ballet,芭蕾舞+芭蕾舞剧+芭蕾舞乐曲
balloon,气球
bamboo,竹子
ban,禁令+禁止+取缔(书刊等)
band,带子+镶边+波段+队+乐队+联合+结合
bandage,绷带
bang,重击+突然巨响+发巨响+重击
bankrupt,破产者+破产了的+完全丧失+使破产
banner,旗帜+横幅+标语+
banquet,宴会
barber,理发员+理发师+为...理发+刮脸等
bare,赤裸的+无遮蔽的+空的+使赤裸+露出
barely,仅仅+刚刚+几乎不能
bargain,契约+合同+成交商品+便宜货+议价
bark,树皮+吠声+吠+咆哮+剥树皮
barn,[农]谷仓+畜棚+畜舍+机器房
barrel,桶+装入桶内
barren,不生育的+不孕的+贫瘠的+没有结果的+无益的+单调的+无聊的+空洞的+荒地
barricade,设路障+路障
barrier,(阻碍通道的)障碍物+栅栏+屏障
baseball,棒球+棒球运动
basically,基本上+主要地
basis,基础+基本+根据+主要成分(或要素)+(认识论中的)基本原则或原理
bat,蝙蝠+球棒+用球棒击球+[计]批处理文件的扩展名+abbr.[军]BasicArmorTraining+装甲兵基础训练
batch,(面包等)一炉+一批
bathe,沐浴+洗+(光线)充满+洗澡
batter,击球手+打坏+猛击
battery,电池+殴打
bay,海湾+狗吠声+绝路+吠+使走投无路+吠
beam,梁+桁条+(光线的)束+柱+电波+横梁+播送
bean,豆+豆形果实
beard,胡须
bearing,轴承+关系+方面+意义+方向+方位
beast,兽+畜牲+人面兽心的人
beforehand,预先
beggar,乞丐
behalf,为+利益
behave,举动+举止+运转+行为表现
behavior,举止+行为
being,存在+生命+人+本质+art.在+有+是
belief,信任+信心+信仰
belly,腹部+胃+涨满
beloved,心爱的+所爱的人+爱人
beneath,在...之下+在...之下
beneficial,有益的+受益的+[法律]有使用权的+有益的+得利的+[律]有使用权的
benefit,利益+好处+有益于+有助于+受益
besides,此外+除...之外
bet,赌+打赌+赌+赌钱
betray,出卖+背叛+泄露(秘密)+露出...迹象
bewilder,使迷惑+使不知所措+使昏乱
beyond,在(到)...较远的一边+超过+那一边+在远处+远处
Bible,《圣经》
bibliography,(有关一个题目或一个人的)书目+参考书目
bid,出价+投标+祝愿+命令+吩咐+出价+投标+支付
billion,十亿(的)
bind,绑+镶边+装订+凝固+约束
biography,传记
biology,生物学+生物(总称)
bizarre,奇异的(指态度+容貌+款式等)
blade,刀刃+刀片
blank,空白的+空着的+失色的+没有表情的+空白+<美>表格
blanket,毯子+覆盖
blast,一阵(风)+一股(气流)+爆炸+冲击波+爆炸++毁灭+使枯萎+损害
blaze,火焰+光辉+情感爆发+燃烧+照耀+激发+在树皮上刻路标+公开宣布
bleed,使出血+放血
blend,混和+混和
blink,眨眼+闪亮+无视
bloody,血腥的+嗜杀的+有血的+<英鄙>该死的+非常的
bloom,花+旺盛+青春+(使)开花+(使)繁盛
blossom,花(尤指结果实者)+花开的状态+兴旺期+开花+兴旺+发展
blunder,跌跌撞撞地走+犯大错+做错+大错+失误
blunt,钝的+生硬的
blur,涂污+污损(名誉等)+把(界线+视线等)弄得模糊不清+弄污+污点
blush,脸红+羞愧+呈现红色+使成红色+脸红+红色+红光
board,木板+(供特殊用途的)木板+甲板+膳食费用+会议桌+部+用板盖上+包饭+提供膳食+上(船、飞机等)
boast,自夸+值得夸耀的事物+自夸+以有...而自豪
bold,大胆的+粗体
bolt,门闩+螺钉+闪电+跑掉+上门闩+囫囵吞下+逃跑
bond,结合(物)+粘结(剂)+联结+公债+债券+合同+结合
bonus,奖金+红利
booklet,小册子
boom,繁荣+隆隆声+发隆隆声+兴隆+大事宣传
boost,推进
boot,<美>(长统)靴+靴子+导入
booth,货摊+售货亭+棚
border,边界+国界+边+边沿+边境+与...接壤+接近+接壤
bore,令人讨厌的人+怒潮+枪膛+孔+使烦扰+钻孔
boring,钻(孔)+令人厌烦的
bounce,(使)反跳+弹起+(指支票)被银行退票+弹跳+(球)跳起+弹回
bound,跃进+跳+范围+限度+正要启程的+开往...去的+被束缚的+装订的+跳跃+限制
boundary,边界+分界线
bowel,肠+内部+同情心
boycott,联合抵制+联合排斥某国货物或与某国绝交
brace,支柱+带子+振作精神+支住+撑牢+振作起来+奋起+曲柄的+支持
bracket,墙上凸出的托架+括弧+支架+括在一起
brake,闸+刹车+刹车
brand,商标+牌子+烙印+打火印+污辱
brass,黄铜+黄铜制品+厚脸皮
brave,勇敢的
breach,违背+破坏+破裂+裂口+打破+突破
breadth,宽度+(布的)幅宽+(船)幅
breakdown,崩溃+衰弱+细目分类
breakthrough,突破
breast,胸部+乳房+胸怀+心情+以胸对着+对付
breed,(使)繁殖+教养+抚养+品种+种类
breeze,微风+煤屑+焦炭渣+轻而易举的事+小风波+吹微风+逃走
brew,酿造+酝酿
bribe,贿赂+贿赂+向...行贿
brick,砖+砖块+砖形物(如茶砖+冰砖等)+<口>心肠好的人
bride,新娘
brief,摘要+大纲+简短的+短暂的+摘要+(军事)下达简令
briefcase,(扁平的+柔韧的+装文件+书报的)公文包
brilliant,灿烂的+闪耀的+有才气的
brink,(峭岸、崖的)边缘
brisk,敏锐的+凛冽的+轻快的+活泼的+使活泼+活跃起来
bronze,青铜(铜与锡合金)+铜像+青铜色的
brood,(动物中鸟或家禽的)一窝+(同种或同类的)一伙+孵+沉思
broom,扫帚+[植]金雀花+扫除
brow,眉毛+额+(面部)表情
bruise,瘀伤+擦伤+打伤+撞伤
brutal,残忍的+兽性的
bubble,泡沫+幻想的计划+起泡+潺潺的流
buck,<美口>元+雄鹿+公羊+公兔+(马等)突然一跃(将骑手摔下)
bucket,桶+一桶的量+[桶状物]铲斗
bud,芽+蓓蕾+发芽+萌芽
budget,预算+做预算+编入预算
bug,小虫+臭虫+装置窃听器+打扰
bulb,鳞茎+球形物
bulk,大小+体积+大批+大多数+散装+显得大+显得重要
bull,[动]公牛+粗壮如牛的人
bullet,子弹
bulletin,公告+报告
bully,欺凌弱小者+威吓+威逼
bump,撞击+肿块+碰(伤)+撞(破)+颠簸
bunch,串+束捆成一束
bundle,捆+束+包+捆扎
burden,担子+负担+负担
bureau,办公桌+衣柜+<美>局+办公署
bureaucracy,官僚+官僚作风+官僚机构
burial,埋葬
burst,爆裂+炸破+急于+爆发+突然破裂+爆发+脉冲
bust,半身像+胸像+(妇女的)胸部
butcher,屠夫+屠户+屠宰+屠杀
butterfly,[动]蝴蝶+蝶泳
buzz,嗡嗡声+作嗡嗡声+嗡嗡作响+逼近
bypass,旁路+设旁路+迂回
cabbage,[植]甘蓝+卷心菜
cabin,小屋+船舱
cabinet,(有抽屉或格子的)橱柜+<美>内阁+<美>内阁的+小巧的
cable,电缆+海底电报+缆+索+打(海底)电报
cafeteria,自助餐厅
calcium,[化]钙(元素符号Ca)
calculate,计算+考虑+计划+打算+<美>以为+认为
calculator,计算机+计算器
calendar,日历+历法
calm,(天气、海洋等)静的+平静的+镇静的+沉着的+(使)平静+(使)镇定+平息
calorie,卡路里
camel,骆驼+[船](打捞用的)浮筒
campaign,[军]战役+(政治或商业性)活动+竞选运动+参加活动+从事活动+作战
campus,<美>校园+大学教育
canal,运河+小道+导管+槽+沟渠+开运河
cancel,取消+删去
cancer,癌+毒瘤
candidate,候选人+投考者
candy,糖果+冰糖+蜜饯+糖煮(水果)
cane,细长的茎+藤条+以杖击+以藤编制
cannon,大炮+加农炮+炮轰
canon,教会法教规+教规+(基督教的)正典圣经(简称正经)+一个作家的真作+日本佳能公司
canvas,彻底讨论探究+帆布
capable,有能力的+能干的+有可能的+可以...的
capacity,容量+生产量+容量+智能+才能+能力+接受力+地位
cape,海角+岬
capsule,(植物)蒴果+胶囊+瓶帽+太空舱
caption,标题+说明+字幕+加上标题+加上说明
captive,俘虏+被美色或爱情迷住的人+被俘的+被迷住的
capture,捕获+战利品+俘获+捕获+夺取
carbon,[化]碳(元素符号C)+(一张)复写纸
cardinal,枢机主教+红衣主教+主要的+最重要的
career,(原意：道路+轨道)事业+生涯+速度
cargo,船货+(车、船、飞机等运输的)货物
carpenter,木匠
carpet,地毯
carriage,马车+客车+运费+姿态+（机械）车架
carrier,运送者+邮递员+带菌者+(自行车等)行李架+搬运器+航空母舰+[电]载波（信号）
carrot,胡萝卜
cart,大车+手推车+用车装载
cartoon,(报刊上的)政治性漫画+讽刺画+卡通画+漫画(常有解说词)+画漫画+卡通片+动画片
carve,雕刻+切开
cash,现金+兑现
cashier,(商店等的)出纳员+(银行或公司的)司库
cassette,盒子+盒式磁带
cast,投掷+铸件+脱落物+一瞥+演员表+投+抛+投射+浇铸+计算+派(角色)
casual,偶然的+不经意的+临时的
casualty,伤亡
catalog,目录+目录册+编目录
catalogue,目录
catastrophe,大灾难+大祸
category,种类+别+[逻]范畴
cater,备办食物+满足(需要)+投合
cathedral,大教堂
catholic,天主教徒+天主教的
cattle,牛+家养牲畜
caution,小心+谨慎+警告+警告
cautious,谨慎的+小心的
cavity,洞+空穴+[解剖]腔
cease,停止+终了
cellar,地窖+地下室+酒窖+藏酒量
cement,水泥+接合剂+接合+用水泥涂+巩固+粘牢
cemetery,墓地+公墓
census,人口普查
center,中心+中央+中心点+中锋+中央的+位于正中的+集中+使聚集在一点+定中心+居中+居中+有中心+被置于中心
centigrade,分为百度的+百分度的+摄氏温度的
centimetre,厘米+公分
ceramic,陶器的+陶瓷制品
cereal,谷类食品+谷类
ceremony,典礼+仪式+礼节+报幕员
certainty,确定+确实的事情
certificate,证书+证明书+发给证明书+以证书形式授权给…
certify,证明+保证
challenge,挑战+向...挑战
chamber,室+房间+议院+会所+(枪)膛
champagne,香槟酒+香槟色
champion,冠军+拥护者+战士+拥护+支持
channel,海峡+水道+沟+路线+引导+开导+形成河道+信道+频道
chant,圣歌
chaos,混乱+混沌(宇宙未形成前的情形)
chap,<俗>伙伴+家伙+小伙子+颚+颊+(使)皲裂
chapel,小礼拜堂+礼拜
chapter,(书籍中)章节
character,(事物的)特性+性质+特征(的总和)+(人的)品质+字符+性格+特征+人物+写+刻+印+使具有特征
characteristic,特有的+表示特性的+典型的+特性+特征
characterize,表现...的特色+刻画的...性格
charge,负荷+电荷+费用+主管+掌管+充电+充气+装料+装满+控诉+责令+告诫+指示+加罪于+冲锋+收费
charity,慈善+施舍+慈善团体
charm,吸引力+(女人的)魔力+魅力+符咒+迷人+使陶醉+行魔法+用符咒+有魔力
chart,海图+图表+制图
charter,租+包(船、车等)+宪章
chase,追赶+追击+追赶+追逐+雕镂
cheat,欺骗+骗子+欺骗+骗取
cheerful,愉快的+高兴的
chemical,化学的+化学制品+化学药品+化学药品
chemist,化学家+药剂师
cherish,珍爱+怀抱(希望等)
chest,胸腔+胸膛+箱+柜
chew,咀爵(食物等)+咀嚼+认真考虑
chief,首领+领袖+酋长+长官+主要部分+最有价值的部分+主要的+首要的+首席的+主任的
childhood,孩童时期
chill,寒意+寒战+寒心+寒冷的+扫兴的+使冷+变冷+冷藏
chin,下巴+颚
chip,碎片+筹码+削成碎片+碎裂+芯片
choke,窒息+哽住+使呼吸困难+阻塞+窒息+阻气门
cholesterol,胆固醇
chop,砍+排骨+官印+商标+剁碎+砍+(风浪)突变
chord,弦+和音+情绪+[解]腱
chorus,合唱+合唱队+齐声
Christ,[基督教]救世主(特指耶稣基督)
Christian,基督徒+信徒+基督教的+信基督教的
chronic,慢性的+延续很长的
chunk,大块+矮胖的人或物
cigar,雪茄
cigarette,香烟+纸烟
circuit,电路+一圈+周游+巡回
circular,圆形的+循环的+函件+通知
circulate,(使)流通+(使)运行+(使)循环+(使)传播
circulation,循环+流通+发行额
circumstance,环境+详情+境况
circus,马戏团+杂技团+马戏场+杂技场
cite,引用+引证+提名表扬
civil,全民的+市民的+公民的+国民的+民间的.民事的+根据民法的+文职的+有礼貌的
civilian,平民+公务员+文官+民间的+民用的
civilization,文明+文化+文明社会+文明+一个著名游戏的名称
civilize,使开化+使文明+教化
claim,(根据权利提出)要求+要求权+主张+要求而得到的东西+(根据权利)要求+认领+声称+主张+需要
clamp,夹子+夹具+夹钳+夹住+夹紧
clan,部落+氏族+宗族+党派
clap,拍手声+霹雳声+鼓掌+轻拍
clarify,澄清+阐明
clarity,清楚+透明
clash,冲突+撞击声+抵触+(使)发出撞击声+猛撞+冲突
clasp,扣子+钩+紧握+抱住+扣紧+紧握+搂抱+密切合作
classic,杰作+名著+第一流的
classical,古典的+正统派的+古典文学的
classification,分类+分级
classify,分类+分等
clause,子句+条款
claw,爪+脚爪+抓
clay,粘土+泥土+肉体+人体+似黏土的东西+陶土制的烟斗
clearance,清除
clerk,职员+办事员+<美>店员
click,发出滴答声+滴答声
client,[计]顾客+客户+委托人
cliff,悬崖+绝壁
climate,气候+风土+思潮
climax,高潮+顶点
cling,粘紧+附着+紧贴+坚持(意见)+墨守(习惯)
clip,夹子+回形针+子弹夹+夹住+剪短+修剪
clockwise,顺时针方向的+顺时针方向地
clone,无性系+无性繁殖+克隆+无性繁殖+复制
closet,壁橱+储藏室+厕所+关起门来的+关入私室密谈
clue,线索
clumsy,笨拙的
cluster,串+丛+丛生+成群
clutch,抓住+攫住+离合器
coach,四轮大马车+长途汽车+教练+训练+指导
coalition,合并+接合+联合
coarse,粗糙的+粗鄙的
cocaine,古柯碱+可卡因
cocktail,鸡尾酒+(第一道用杯盛的)开味食品+鸡尾酒的
cognitive,认知的+认识的+有感知的
coherent,粘在一起的+一致的+连贯的
coil,盘绕+卷
coincide,一致+符合
coincidence,一致+相合+同时发生或同时存在(尤指偶然)的事
collaboration,协作+通敌
collapse,倒塌+崩溃+失败+虚脱+倒塌+崩溃+瓦解+失败+病倒
colleague,同事+同僚
collection,收藏+征收+搜集品+捐款
collective,集体的+集体
collide,碰撞+抵触
collision,碰撞+冲突
colonial,殖民的+殖民地的殖民地居民
colony,殖民地+侨民+(聚居的)一群同业+一批同行+(生物)群体
column,圆柱+柱壮物+专栏+纵队
comb,梳子+梳+鸡冠+蜂巢+梳(发)+搜索
combat,战斗+格斗+战斗+搏斗+抗击
combination,结合+联合+合并+化合+化合物
combine,(使)联合+(使)结合+联合企业+联合收割机+联合收割机
comedy,喜剧+喜剧性的事情
comet,彗星
comic,滑稽演员+滑稽的+喜剧的
command,命令+掌握+司令部+命令+指挥+克制+支配+博得+俯临
commander,司令官+指挥官
commemorate,纪念
commence,开始+着手
commend,称赞+表扬+推荐+委托+吸引
comment,注释+评论+意见+注释+评论
commentary,注释+解说词
commerce,商业
commercial,商业的+贸易的
commission,委任+委托+代办(权)+代理(权)+犯(罪)+佣金+委任+任命+委托+委托制作+使服役
commit,犯(错误)+干(坏事)+把...交托给+提交+答应负责
commitment,委托事项+许诺+承担义务
committee,委员会
commodity,日用品
commonplace,平凡的事+平常话+平凡的
commonwealth,国民整体+共和国+联邦
communicate,沟通+通信+(房间、道路、花园等)相通+传达+感染
communication,传达+信息+交通+通讯
community,公社+团体+社会+(政治)共同体+共有+一致+共同体+(生物)群落
commute,交换+抵偿+减刑+<电工>整流
compact,紧凑的+紧密的+简洁的+契约+合同+小粉盒
companion,同伴+共事者
comparable,可比较的+比得上的
comparative,比较的+相当的
compare,比较+相比+比喻比较
comparison,比较+对照+比喻+比较关系
compartment,间隔间+车厢
compass,罗盘+指南针+圆规+包围
compatible,谐调的+一致的+兼容的
compel,强迫+迫使
compensate,偿还+补偿+付报酬
compete,比赛+竞争
competence,能力
competent,有能力的+胜任的
competition,竞争+竞赛
competitive,竞争的
compile,编译+编辑+汇编
complain,抱怨+悲叹+控诉
complaint,诉苦+抱怨+牢骚+委屈+疾病
complement,补足物+[文法]补语+[数]余角+补助+补足
complex,复杂的+合成的+综合的+联合体
complexion,面色+肤色+情况+局面
complicated,复杂的+难解的
complication,复杂化+(使复杂的)因素+[医]并发症
compliment,称赞+恭维+致意+问候+道贺+称赞+褒扬+恭维
comply,顺从+答应+遵守
component,成分+组成的+构成的
compose,组成+写作+排字+(使)安定+调解
composite,合成的+复合的+合成物
compound,混合物+[化]化合物+复合的+混合+配合
comprehension,理解+包含
comprehensive,全面的+广泛的+能充分理解的+包容的
compress,压缩+摘要叙述+(外科)敷布
comprise,包含+由...组成
compromise,妥协+折衷+妥协+折衷+危及...的安全
compulsory,必需做的+必修的+被强迫的+被强制的+义务的
compute,计算+估计+用计算机计算(或确定)
conceal,隐藏+隐蔽+隐瞒+隐蔽
concede,勉强+承认+退让+让步
conceive,构思+以为+持有+怀孕+考虑+设想
concentrate,集中+浓缩
concentration,集中+集合+专心+浓缩+浓度
concept,观念+概念
conception,观念+概念
concern,涉及+关系到+(利害)关系+关心+关注+关注+所关心的是
concerning,关于
concession,让步
concise,简明的+简练的
conclude,结束+终止+决定+作出结论+推断+断定+缔结+议定
conclusion,结束+缔结+结论
concrete,具体的+有形的+混凝土+用混凝土修筑+浇混凝土+凝结
condemn,判刑+处刑+声讨+谴责
condense,(使)浓缩+精简
condition,条件+情形+环境+社会地位+以...为条件+使达到要求的情况
conduct,行为+操行+引导+管理+为人+传导
conductor,领导者+经理+指挥管弦乐队、合唱队的+(市内有轨电车或公共汽车)售票员+<美>列车长
confer,授予(称号、学位等)+赠与+把...赠与+协议+协商+交换意见
conference,会议+讨论会+协商会
confess,承认+坦白+忏悔
confidence,信心
confident,自信的+确信的
confidential,秘密的+机密的
configuration,构造+结构+配置+外形
confine,限制+禁闭+界限+边界
confirm,确定+批准+使巩固+使有效+确认+(基督教中)给...行按手礼
conflict,斗争+冲突+抵触+冲突
conform,使一致+使遵守+使顺从+符合+相似+适应环境+一致的+顺从的
confront,使面临+对抗
confuse,搞乱+使糊涂
confusion,混乱+混淆
congratulate,祝贺+庆贺+恭喜
congratulation,祝词+贺辞
congress,(代表)大会+[C～](美国等国的)国会+议会
conjunction,联合+关联+连接词
connect,连接+联合+关连
connection,连接+关系+接线+线路+亲戚
connexion,联系+连结
conquer,征服+战胜+占领+克服(困难等)+破(坏习惯等)
conquest,征服+战利品
conscience,良心+道德心
conscientious,尽责的
conscious,有意识的+有知觉的+故意的+羞怯的
consecutive,连续的+联贯的
consensus,一致同意+多数人的意见+舆论
consent,同意+赞成+答应+同意+赞成+允诺
consequence,结果+[逻]推理+推论+因果关系+重要的地位
consequent,作为结果的+随之发生的
consequently,从而+因此
conservation,保存+保持+守恒
conservative,保守的+守旧的+保守派
conserve,保存+保藏
considerable,相当大(或多)的+值得考虑的+相当可观的
considerate,考虑周到的
consideration,体谅+考虑+需要考虑的事项+报酬
consist,由...组成+在于+一致
consistent,一致的+调和的+坚固的+[数、统]相容的
console,安慰+藉慰+[计]控制台
consolidate,巩固
conspicuous,显著的
constant,[数、物]常数+恒量+不变的+持续的+坚决的
constituent,委托人+要素+有选举权的+有宪法制定［修改］权的
constitute,制定(法律)+建立(政府)+组成+任命
constitution,宪法+构造+体质+体格+国体+章程+惯例
constrain,强迫+抑制+拘束
construct,建造+构造+创立
construction,建筑+建筑物+解释+造句
consult,商量+商议+请教+参考+考虑
consultant,顾问+商议者+咨询者
consume,消耗+消费+消灭+大吃大喝+吸引+消灭+毁灭
consumer,消费者
consumption,消费+消费量+肺病
contact,接触+联系+接触+联系
container,容器(箱+盆+罐+壶+桶+坛子)+集装箱
contaminate,污染
contemplate,凝视+沉思+预期+企图
contemporary,同时代的人+当代的+同时代的
contempt,轻视+轻蔑+耻辱+不尊敬+[律]藐视法庭(或国会)
contend,斗争+竞争+主张
contention,争夺+争论+争辩+论点
contest,论争+竞赛++争论+争辩+竞赛+争夺
continual,连续的+频繁的+持续不断的
continuity,连续性+连贯性
continuous,连续的+持续的
contract,合同+契约+婚约+使缩短+感染+订约
contradict,同...矛盾+同...抵触
contradiction,反驳+矛盾
contrary,相反的+逆的+<口语>执拗+反面+相反地
contrast,使与...对比+使与...对照+和...形成对照+对比+对照+(对照中的)差异
contribute,捐助+捐献+贡献+投稿
contribution,捐献+贡献+投稿
contrive,发明+设计+图谋
controversial,争论的+争议的
controversy,论争+辩论+论战
convene,召集+集合
convenience,便利+方便+有益+有用的+方便的用具、机械、安排等
convention,大会+协定+习俗+惯例
conventional,惯例的+常规的+习俗的+传统的
converge,聚合+集中于一点+会聚
conversely,倒地+逆地
conversion,变换+转化
convert,皈依者+使转变+转换...+使...改变信仰
convey,搬运+传达+转让
convict,证明...有罪+宣告...有罪+罪犯
conviction,深信+确信+定罪+宣告有罪
convince,使确信+使信服
cooperate,合作+协作
cooperative,合作的+协力的
coordinate,同等者+同等物+坐标(用复数)+同等的+并列的+调整+整理
cop,警官+巡警+[纺]管纱+抓住
cope,(善于)应付+(善于)处理
copper,铜+警察
copyright,版权+著作权
cord,绳索+束缚
cordial,兴奋剂+兴奋性饮料+热忱的+诚恳的+兴奋的
core,果核+中心+核心
cork,软木塞+软木+(用塞子)塞住
corporate,社团的+法人的+共同的+全体的
corporation,[律]社团+法人+公司+企业+<美>有限公司+(市+镇的)自治机关+<口>大肚皮
corps,军团+兵队+团+兵种+技术兵种+特殊兵种+(德国大学的)学生联合会
corpse,尸体
correlate,使相互关联+和...相关
correspond,符合+协调+通信+相当+相应
correspondence,相应+通信+信件
correspondent,通讯记者+通信者
corresponding,相应的+通讯的
corridor,走廊
corrode,使腐蚀+侵蚀
corrupt,腐败的+贪污的+被破坏的+混浊的+(语法)误用的+使腐烂+腐蚀+使恶化+腐烂+堕落
costly,昂贵的+贵重的
costume,装束+服装
council,政务会+理事会+委员会+参议会+讨论会议+顾问班子+立法班子
counsel,讨论+商议+辩护律师+劝告+忠告
counter,计算器+计数器+计算者+柜台+筹码+相反地
counterpart,副本+极相似的人或物+配对物
county,县+郡
coupon,息票+商家的优待券
court,法院+庭院+朝廷+球场+奉承+求爱+向...献殷勤+追求+博得(喝彩)+招致(失败危险等)+求爱
courtesy,谦恭+允许+礼貌
courtyard,庭院+院子
coverage,覆盖
coward,懦弱的人+胆小的人
cozy,舒适的+安逸的+惬意的
crack,裂缝+噼啪声+(使)破裂+裂纹+(使)爆裂+最好的+高明的
cradle,摇篮+发源地+支船架+将...放在摇篮内
craft,工艺+手艺
crane,起重机
crash,碰撞+坠落+坠毁+撞击声+爆裂声+碰撞+坠落+坠毁+(指商业公司+政府等)破产+垮台
crawl,爬行+蠕动+徐徐行进+爬行+蠕动+缓慢的行进
create,创造+创作+引起+造成
creation,创造+创作物
creative,创造性的
creature,人+动物+傀儡+创造物
credible,可信的+可靠的
credit,信任+信用+声望+荣誉+[财务]贷方+银行存款+相信+信任+把...归给
creep,爬+蹑手蹑脚+蔓延
crew,全体人员+(工作)队+vbl.crow的过去式
crime,犯罪+犯罪行为+罪行+罪恶
criminal,罪犯+犯罪者+犯罪的+犯法的+罪恶的
cripple,跛子+削弱
crisis,疾病的转折点(或转好或恶化)+决定性时刻+危机+危险期+历史上的紧要关头+[医]危象+转换期
crisp,脆的+易碎的
criterion,(批评判断的)标准+准据+规范
critic,批评家+评论家+吹毛求疵者
critical,评论的+鉴定的+批评的+危急的+临界的
criticism,批评+批判
criticize,批评+责备
crossing,横越+横越+交叉口
crowd,人群+群众+一堆(东西)+一伙+群集+拥挤+挤满
crown,王冠+花冠+顶+加冕+顶上有+表彰+使圆满完成
crucial,至关紧要的
crude,天然的+未加工的+粗糙的+拙劣的+粗鲁的+天然的物质
cruise,巡游+巡航+巡游+巡航
crumble,弄碎+粉碎+崩溃+面包屑
crush,压碎+碾碎+压服+压垮+粉碎+(使)变形
crust,外壳+硬壳+面包皮+盖以硬皮+结硬皮
crystal,结晶状的+水晶+水晶饰品+结晶+晶体
cube,立方体+立方
cucumber,[植]黄瓜
cue,暗示+提示+球杆
culminate,达到顶点
cultivate,培养+耕作
culture,文化+文明
cumulative,累积的
cupboard,食橱+碗碟橱
curb,路边
curiosity,好奇心
curious,好奇的+求知的+古怪的+爱挑剔的
curl,(使)卷曲
currency,流通
current,当前的+通用的+流通的+现在的+草写的+最近的+涌流+趋势+电流+水流+气流
curriculum,课程
curse,诅咒+咒语+祸根+祸因+诅咒+咒骂+降祸+使受罪
curtain,窗帘+门帘+装上门帘
curve,曲线+弯曲+[棒球]曲线球+[统]曲线图表+弯+使弯曲+成曲形
cushion,垫子+软垫+衬垫+加衬垫
customary,习惯的+惯例的
cute,可爱的+聪明的+伶俐的+装腔作势的
cycle,周期+循环+自行车+一段时间+整套+(电学)周波+循环+轮转+骑自行车+使循环+使轮转
cylinder,圆筒+圆柱体+汽缸+柱面
cynical,愤世嫉俗的
dairy,牛奶场+奶品场+售牛奶+奶油+鸡蛋等的商店+奶制品
dam,水坝+障碍+控制+筑坝
damn,谴责
damp,湿气+潮湿的+使潮湿+阻尼+使衰减+使沮丧+控制+抑止
dart,标枪+镖+(昆虫的)刺+飞快的动作+飞奔+投掷
dash,少量(搀加物)+冲撞+破折号+锐气+精力+干劲+猛掷+冲撞+泼溅+使猛撞+搀和+使破灭+使沮丧+匆忙完成
data,datum的复数+[计]资料+数据
database,[计]数据库+资料库
daylight,日光+白昼+白天
dazzle,(使)眼花+眩耀+耀眼
deadline,最终期限
deadly,致命的+势不两立的+死一般的+极度的+必定的
deaf,聋的
dean,(大学)院长+主持牧师+(基督教)教长
debate,争论+辩论+争论+辩论
debt,债务+罪过
decade,十年+十
decay,腐朽+腐烂+衰减+衰退+衰落
deceive,欺骗+行骗
decent,正派的+端庄的+有分寸的+(服装)得体的+大方的+<口>相当好的、象样的
decimal,十进的+小数的+以十为基础的+十进制+小数
decisive,决定性的
deck,甲板+舰板+覆盖物+一副(纸牌)+装饰+修饰+打扮+装甲板
declaration,宣布+宣言+声明
decline,下倾+下降+下垂+拒绝+衰落+下倾+下降+下垂+斜面+斜坡+衰败+衰落
decorate,装饰+为...做室内装修
decrease,减少+减少之量+减少
decree,法令+政令+教令+天命+判决+颁布
dedicate,献(身)+致力+题献(一部著作给某人)
deduce,推论+演绎出
deduct,扣除+演绎
deem,认为+相信
default,默认(值)+缺省(值)+食言+不履行责任+[律]缺席+疏怠职责+缺席+拖欠+默认
defeat,击败+战胜+失败+击败+战胜+使失败+挫折+击败
defect,过失+缺点
defendant,被告+辩护的+为自己辩护的
defiance,挑战+蔑视+挑衅
deficiency,缺乏+不足
deficit,赤字+不足额
define,定义+详细说明
definite,明确的+一定的
definitely,明确地+干脆地
definition,定义+解说+精确度+(轮廓影像等的)清晰度
definitive,最后的+确定的+权威性的
defy,不服从+公然反抗+藐视+挑衅+违抗+使...难于+挑战
degenerate,退化的+退化
degrade,(使)降级+(使)堕落+(使)退化
delegate,代表+委派...为代表
delete,删除
deliberate,深思熟虑的+故意的+预有准备的+商讨
delicate,精巧的+精致的+病弱的+脆弱的+微妙的+棘手的+灵敏的+精密的
delicious,美味的
delivery,递送+交付+分娩+交货+引渡+[律]财产等的正式移交+发送+传输
demand,要求+需求(量)+需要+要求+需要+要求知道+查询
democracy,民主政治+民主主义
democratic,民主的+民主主义的+民主政体的+平民的
demonstrate,示范+证明+论证+示威
denial,否认+否定+谢绝+拒绝
denote,指示+表示
denounce,公开指责+公然抨击+谴责
dense,密集的+浓厚的
density,密度
dental,牙齿的
dentist,牙科医生
deny,否认+拒绝
depart,离开+起程+不按照+逝世+过去的+逝世的
departure,启程+出发+离开
dependent,依靠的+依赖的+由...决定的+随...而定的
depict,描述+描写
deport,举止+驱逐
deposit,堆积物+沉淀物+存款+押金+保证金+存放物+存放+堆积+沉淀
depress,使沮丧+使消沉+压下+压低+使不活泼+使萧条+压下
depression,沮丧+消沉+低气压+低压
deprive,剥夺+使丧失
deputy,代理人+代表
derive,得自+起源
descend,下来+下降+遗传(指财产+气质+权利)+突击+出其不意的拜访+下去
descendant,子孙+后裔+后代
descent,降下+降落+世系+血统+侵袭
describe,描写+记述+形容+形容+描述
deserve,应受+值得+应受
design,设计+图案+花样+企图+图谋+(小说等的)构思+纲要+设计+计划+谋划+构思
designate,指明+指出+任命+指派+指定+指派
desirable,值得要的+合意的+令人想要的+悦人心意的
desire,想望+期望+希望+请求(官方丈礼)+愿望+心愿+要求+要求
despair,绝望+失望+令人失望的人(事物)+绝望
desperate,不顾一切的+拚死的+令人绝望的
despise,轻视
despite,不管+尽管+不论
dessert,餐后甜点
destination,目的地+[计]目的文件+目的单元格
destined,去往…的
destiny,命运+定数
destruction,破坏+毁灭
destructive,破坏(性)的
detach,分开+分离+分遣+派遣(军队)
detail,细节+详情+详述+细说+
detain,拘留+留住+阻止
detect,察觉+发觉+侦查+探测+发现
detection,察觉+发觉+侦查+探测+发现
detective,侦探+侦探的
deteriorate,(使)恶化
determination,决心+果断
determine,决定+确定+测定+使下定决心+[律]使终止
deviate,背离+偏离+偏离
device,装置+设计+图案+策略+发明物+设备+[计]安装设备驱动程序
devil,魔鬼+恶棍
devise,设计+发明+图谋+作出(计划)+想出(办法)+遗赠给+遗赠
devote,投入于+献身
diagnose,诊断
diagram,图表
dialect,方言+语调
diameter,直径
dictate,口述+口授+使听写+指令+指示+命令+规定+指示(指理智+变心)
dictation,听写+口述
differ,不一致+不同
differentiate,区别+区分
diffuse,分类+摘要+消化+消化+融会贯通
digest,散播+传播+漫射+扩散+(使)慢慢混合+散开的+弥漫的
digital,数字的+数位的+手指的+数字+数字式
dignity,尊严+高贵
dilemma,进退两难的局面+困难的选择
diligent,勤勉的+用功的+细心而继续不断的
dilute,冲淡+变淡+变弱+稀释+淡的+弱的+稀释的
dim,暗淡的+模糊的+无光泽的+悲观的+怀疑的+使暗淡+使失去光泽+<美俚>笨蛋、傻子
dimension,尺寸+尺度+维(数)+度(数)+元
diminish,(使)减少+(使)变小
dine,吃饭+进餐
dip,浸+蘸+沾
diploma,文凭+毕业证书+证明权力、特权、荣誉等的证书+奖状
diplomat,外交官+有外交手腕的人+有权谋的人
diplomatic,外交的+老练的
directly,直接地+立即
directory,姓名地址录+目录
dirt,污垢+泥土
disable,使残废+使失去能力+丧失能力
disappear,消失+不见
disaster,灾难+天灾+灾祸
disastrous,损失惨重的+悲伤的
discard,丢弃+抛弃+放弃
discern,目睹+认识+洞悉+辨别+看清楚
discharge,卸下+放出+清偿(债务)+履行(义务)+解雇+开(炮)+放(枪)+射(箭)+卸货+流注+卸货+流出+放电
discipline,纪律+学科+训练
disclose,揭露+透露
discount,折扣
discourage,使气馁+阻碍
discreet,小心的+慎重的+有思虑的+贤明的
discrepancy,相差+差异+矛盾
discrete,不连续的+离散的
discriminate,歧视+区别+区别待遇
disease,疾病+弊病
disguise,假装+伪装+掩饰+伪装
disgust,厌恶+嫌恶+令人厌恶+令人反感+使作呕
dismay,沮丧+惊慌+使沮丧+使惊慌
dismiss,解散+下课+开除+解职+使(或让)离开+解散
disorder,杂乱+混乱+无秩序状态+扰乱+使失调+使紊乱
dispatch,分派+派遣+派遣+急件
disperse,(使)分散+(使)散开+疏散
displace,移置+转移+取代+置换+转移
display,陈列+展览+显示+陈列+展览+显示+显示器
disposal,处理+处置+布置+安排+配置+支配
dispose,处理+处置+部署+布置+安排+除去+使愿意
disposition,部署
dispute,争论+辩论+怀疑+抗拒+阻止+争夺(土地+胜利等)+争论+辩论+争吵
disregard,不理漠视+漠视+忽视
disrupt,使中断+使分裂+使瓦解+使陷于混乱+破坏
dissipate,驱散+(使)(云、雾、疑虑等)消散+浪费(金钱或时间)
dissolve,溶解+解散
distill,蒸馏+提取+滴下
distinct,清楚的+明显的+截然不同的+独特的
distinction,区别+差别+级别+特性+声望+显赫
distinguish,区别+辨别
distort,弄歪(嘴脸等)+扭曲+歪曲(真理、事实等)+误报
distract,转移
distress,悲痛+穷困+不幸+危难+忧伤+使悲痛+使穷困+使忧伤
distribute,分发+分配+散布+分布+分类+分区+分发
distribution,分配+分发+配给物+销售+法院对无遗嘱死亡者财产的分配+分布状态+区分+分类+发送+发行
disturb,弄乱+打乱+打扰+扰乱+扰乱
disturbance,骚动+动乱+打扰+干扰+骚乱+搅动
ditch,沟+沟渠+壕沟
dive,潜水+跳水+下潜+俯冲+潜水+跳水+下潜+俯冲
diverse,不同的+变化多的
diversion,转移+转换+牵制+解闷+娱乐
divert,转移+转向+使高兴
divide,分+划分+分开+隔开
divine,神的+神圣的+非凡的+超人的+非常可爱的+牧师
division,分开+分割+区分+除法+公司+(军事)师+分配+分界线
divorce,离婚+脱离+使离婚+与...脱离
dizzy,(指人)晕眩的+昏乱的+(指地点+情况)使人晕眩的
dock,<美>码头+船坞+被告席+尾巴的骨肉部分+靠码头+引入坞+剪短+入船坞
doctrine,教条+学说
document,公文+文件+文档+档案+文献+证明
dodge,避开+躲避+<俗>诡计+躲藏
dole,施舍品+悲哀+失业救济金+发放救济
dolphin,海豚
domain,领土+领地+(活动、学问等的)范围+领域
dome,圆屋顶
domestic,家庭的+国内的+与人共处的+驯服的
dominant,有统治权的+占优势的+支配的+[生物]显性的
dominate,支配+占优势
donate,捐赠+赠予
donation,捐赠品+捐款+贡献
donkey,驴子+笨蛋+顽固者+(=donkeyengine)轻便发动机+(=donkeypump)辅助泵
doom,厄运+毁灭+死亡+世末日+注定+判决+著名的3D动作游戏
dorm,<俗>宿舍(=dormitory)
dormitory,宿舍
dose,剂量+(一)剂+(一)服+(给...)服药
dot,点+圆点+园点+在...上打点
doubtful,可疑的+不确的+疑心的
doubtless,无疑的+确定的+无疑地+确定地+<口>大概、多半
downward,向下的
draft,草稿+草案+草图+起草+为...打样+设计+草拟
drag,拖+拖曳+缓慢而费力地行动+拖拉
dragon,龙+凶暴的人+严厉而有警觉性的女人
drain,排水沟+消耗+排水+排出沟外+喝干+耗尽+排水+流干
drainage,排水+排泄+排水装置+排水区域+排出物+消耗
drama,(在舞台上演的)戏剧+戏剧艺术
dramatic,戏剧性的+生动的
drastic,激烈的+(药性等)猛烈的
draught,拖+拉+一网(鱼)+气流
drawback,缺点+障碍+退还的关税+退税(指进口货物再出口时退还其进口时的关税)
drawer,抽屉+画家+制图员+(用复数)衬裤、内裤
dread,恐惧+恐怖+可怕的人(或物)+畏惧+惧怕+担心
dreadful,可怕的+<口>讨厌的
drift,冲洗+漂流物+观望+漂流+(使)漂流
drill,钻孔机+钻子+播种机+军事训练+操练+(反复)练习+条播机+训练+钻孔+条播
drip,水滴+(使)滴下
drought,干旱+缺乏
drum,鼓+鼓声+鼓形圆桶+[解]鼓膜+鼓室+击鼓+作鼓声+打鼓奏
drunk,喝醉了的+vbl.drink的过去分词
dual,双的+二重的+双重
dub,[电影]配音+轻点+授予称号+打击+鼓声+笨蛋
dubious,可疑的+不确定的
dull,感觉或理解迟钝的+无趣的+呆滞的+阴暗的+使迟钝+使阴暗+缓和+变迟钝+减少
dumb,哑的+无说话能力的+不说话的+无声音的
dump,倾倒(垃圾)+倾卸+堆存处
duplicate,复制的+副的+两重的+两倍的+完全相同+复制品+副本+复写+复制+使加倍+使成双
durable,持久的+耐用的
duration,持续时间+为期
dusk,薄暮+黄昏
dwarf,矮子+侏儒+(使)变矮小
dwell,居住+踌躇
dye,染料+染色+染+染
dynamic,动力的+动力学的+动态的
eagle,鹰+鹰状标饰
earnest,认真的+热心的+重要的真挚+定金+认真+热心
earthquake,地震+[喻]在震荡+在变动
ease,安逸+安心+不费力+悠闲+使悠闲+使安心+减轻+放松+减弱+减轻+放松+灵活地移动
Easter,[宗](耶稣)复活节
eccentric,古怪+行为古怪的人
echo,回声+回音+回波+发回声+随声附和+摹仿+重复+反射+[计]禁止(或允许)在屏上显示批处理命令行
eclipse,食+日蚀+月蚀+蒙蔽+衰落+引起日蚀+引起月蚀+超越+使黯然失色
ecology,生态学+[社会]环境适应学+均衡系统
economic,经济(上)的+产供销的+经济学的
economical,节约的+经济的
economy,经济+节约+节约措施+经济实惠+系统+机体+经济制度的状况
edible,可食用的
edition,版本+版
editor,编辑+编辑器+编者
editorial,社论+编辑上的+主笔的+社论的
educate,教育+训练+培养+教育
effective,有效的+被实施的+给人深刻印象+有生力量
efficiency,效率+功效
efficient,(直接)生效的+有效率的+能干的
effort,努力+成就
ego,自我+利已主义+自负
eject,逐出+撵出+驱逐+喷射+推断的事物
elaborate,精心制作的+详细阐述的+精细+精心制作+详细阐述+详细描述
elapse,(时间)过去+消逝+流逝
elastic,弹性的
elbow,肘
elderly,过了中年的+稍老的
elect,选举+推选+选择+作出选择+选举+选举+选举
election,选举+当选+选择权+[宗]上帝的选拔
electric,电的+导电的+电动的+电气
electrical,电的+有关电的
electrician,电工+电学家
electricity,电流+电+电学
electron,电子
electronic,电子的
elegant,文雅的+端庄的+雅致的+<口>上品的+第一流的
element,要素+元素+成分+元件+自然环境
elementary,初步的+基本的+[化]元素的+自然力的
elevate,举起+提拔+振奋+提升...的职位
elevator,电梯+升降机+[空]升降舵
elicit,得出+引出+抽出+引起
eligible,符合条件的+合格的
eliminate,排除+消除+除去
elite,<法>[集合名词]精华+精锐+中坚分子
eloquent,雄辩的+有口才的+动人的+意味深长的
elsewhere,在别处
embark,上船+上飞机+着手+从事+装于船上+登上
embarrass,使困窘+使局促不安+阻碍+麻烦
embassy,大使及其随员+大使的派遣+大使馆
embed,使插入+使嵌入+深留+嵌入+[医]包埋
embody,具体表达+使具体化+包含+收录
embrace,拥抱+互相拥抱+包含+收买+信奉+拥抱+拥抱
emerge,显现+浮现+暴露+形成+(由某种状态)脱出+(事实)显现出来
emergency,紧急情况+突然事件+非常时刻+紧急事件
emit,发出+放射+吐露+散发+发表+发行
emotion,情绪+情感+感情
emotional,情绪的+情感的
emperor,皇帝+君主
emphasis,强调+重点
emphasize,强调+着重+强调
empire,帝国+帝权
empirical,完全根据经验的+经验主义的+[化]实验式
employee,职工+雇员+店员
employer,雇主+老板
employment,雇用+使用+利用+工作+职业
enable,使能够+授予权利或方法
enclose,放入封套+装入+围绕
enclosure,围住+围栏+四周有篱笆或围墙的场地
encounter,遭遇+遇到+相遇+遭遇+遭遇战
encourage,鼓励+怂恿+鼓励+鼓励
endeavor,努力+尽力+尽力+努力
ending,结尾+结局
endless,无止境的+无穷的
endow,捐赠+赋予
endurance,忍耐(力)+持久(力)+耐久(性)
endure,耐久+忍耐
energetic,精力充沛的+积极的
enforce,强迫+执行+坚持+加强
engage,使忙碌+雇佣+预定+使从事于+使参加+答应+从事+交战+[机]接合+啮合
engagement,约会+婚约+诺言+交战+接站+雇拥+[机]接合
engine,发动机+机车+火车头
engineering,工程(学)
enhance,提高+增强+提高
enlarge,扩大+放大
enlighten,启发+启蒙+教导+授予...知识+开导+<古>照耀
enormous,巨大的+庞大的+<古>极恶的+凶暴的
enquire,询问
enquiry,询问
enrich,使富足+使肥沃+装饰+加料于+浓缩
enroll,[亦作enrol]登记+招收+使入伍(或入会、入学等)+参加+成为成员
ensue,跟着发生+继起+(基督教《圣经》用语)追求
ensure,保证+担保+使安全+保证得到+确保+确保+保证
entail,使必需+使蒙受+使承担+遗传给+[建]限定继承权
entertain,娱乐+招待+接受+怀抱+款待
entertainment,款待+娱乐+娱乐表演
enthusiasm,狂热+热心+积极性+激发热情的事物
enthusiastic,热心的+热情的
entire,全部的+完整的+整个
entitle,给...权利(或资格)+给...题名+给...称号+授权+授权
entity,实体
entrepreneur,<法>企业家+主办人
entry,登录+条目+进入+入口+[商]报关手续+[律]对土地的侵占+对房屋的侵入
environment,环境+外界
envisage,正视
envy,羡慕+嫉妒
episode,一段情节+[音]插曲+插话+有趣的事件
epoch,新纪元+时代+时期+时间上的一点+[地质]世
equality,等同性+同等+平等+相等+等式
equation,相等+平衡+综合体+因素+方程式+等式
equator,赤道+赤道似的圈.圆
equip,装备+配备+训练+准备行装
equivalent,相等的+相当的+同意义的+等价物+相等物
era,时代+纪元+时期+[地]代
erect,直立的+竖立的+笔直的+盖+使竖立+使直立+树立+建立+[生理]勃起
erosion,腐蚀+侵蚀
erroneous,错误的+不正确的
error,错误+过失+误差
erupt,喷出+爆发
escort,护卫(队)+护送+陪同(人员)+护卫队+护卫+护送+陪同
essay,企图+尝试+企图+散文+小品文+随笔+短文+评论
essence,基本+[哲]本质+香精
essential,本质的+实质的+基本的+提炼的+精华的+本质+实质+要素+要点
establish,建立+设立+安置+使定居+使人民接受+确定+建立
establishment,确立+制定+设施+公司+军事组织
estate,状态+不动产+时期+阶层+财产
esthetic,感觉的
estimate,估计+估价+评估
eternal,永恒的+永远的+不灭的+没完没了的
ethnic,人种的+种族的+异教徒的
evaluate,评价+估计+求...的值+评价
eve,[诗]黄昏+前夕+前日
event,事件+事变+结果+活动+精力+竞赛
evidence,明显+显著+明白+迹象+根据+[物]证据+证物
evident,明显的+显然的
evidently,明显地+显然
evil,邪恶的+带来麻烦的+不幸的+有害的+诽谤的+邪恶+不幸+罪恶
evoke,唤起+引起+博得
evolution,进展+发展+演变+进化
evolve,(使)发展+(使)进展+(使)进化
exact,精确的+准确的+原样的+精密的+严格+强求+急需+要求
exaggerate,夸大+夸张
exceed,超越+胜过+超过其他
exceedingly,非常地+极度地
exception,除外+例外+反对+异议
exceptional,例外的+异常的
excess,过度+剩于+无节制+超过+超额+过度的+额外的
excessive,过多的+过分的+额外
exchange,交换+调换+兑换+交流+交易+交换+调换+兑换+交流+交易
excitement,刺激+兴奋+激动+搔动
exclaim,呼喊+惊叫+大声叫
exclude,拒绝接纳+把...排除在外+排斥
exclusive,排外的+孤高的+唯我独尊的+独占的+唯一的+高级的
excursion,远足+游览+短程旅行+远足队+离题+[物]偏移+漂移
execute,执行+实行+完成+处死+制成+[律]经签名盖章等手续使(证书)生效
execution,实行+完成+执行+死刑+制作+(武器等的)破坏效果+杀伤力
executive,实行的+执行的+行政的+执行者+经理主管人员
exemplify,例证+例示+作为...例子
exempt,免除+被免除的
exert,尽(力)+施加(压力等)+努力+发挥+竭尽全力+尽
exhaust,用尽+耗尽+抽完+使筋疲力尽+排气+排气+排气装置+用不完的+不会枯竭的
exhibit,展出+陈列+展览品+陈列品+展品+展示
exile,放逐+充军+流放+流犯+被放逐者+放逐+流放+使背井离乡
existence,存在+实在+生活+存在物+实在物
exotic,异国情调的+外来的+奇异的
expand,使膨胀+详述+扩张+张开+发展
expansion,扩充+开展+膨胀+扩张物+辽阔+浩瀚
expectation,期待+预料+指望+展望+[数]期望(值)
expedition,远征+探险队+迅速+派遣
expel,驱逐+开除+排出+发射
expend,花费+消耗+支出+[海]把(暂时不用的绳)绕在杆上
expenditure,支出+花费
expense,费用+代价+损失+开支+费钱之物
experimental,实验的+根据实验的
expert,专家+行家+[军](特等)射手+老练的+内行的+专门的+在...中当行家+当专家
expertise,专家的意见+专门技术
expire,期满+终止+呼气+断气+届满
explicit,外在的+清楚的+直率的+(租金等)直接付款的
explode,使爆炸+爆炸+爆发+破除+推翻+激发
exploit,开拓+开发+开采+剥削+用以自肥+使用
explore,探险+探测+探究
explosion,爆发+发出+爆炸+[矿]煤气爆炸
explosive,爆炸(性)的+爆发(性)的+暴露+爆炸物+炸药
export,输出+出口货+输出+出口+出口商品+出口
expose,使暴露+受到+使曝光+揭露
exposition,博览会+展览会+说明+曝露+[戏]展示部分+[音]呈示部
exposure,暴露+揭露+暴光+揭发+揭露+位向+方向+陈列
expression,表达+表情+脸色+声调+腔调+榨出+语法+措辞+[数]式+表达式+符号
exquisite,优美的+高雅的+精致的+剧烈的+异常的+细腻的+敏锐的
extend,扩充+延伸+伸展+扩大[军]使疏开+给予+提供+演化出的全文+<英>[律]对(地产等)估价
extension,延长+扩充+范围+扩展名+[逻]外延的+客观现实的
extensive,广大的+广阔的+广泛的
extent,广度+宽度+长度+范围+程度+区域+[律]<英>扣押+<美>临时所有权令
exterior,外部的+外在的+表面的+外交的+[建](适合)外用的+外部+表面+外型
external,外部的+客观的+[医]外用的+外国的+表面的+外部+外面
extinct,熄灭的+灭绝的+耗尽的+<古>使熄灭
extinguish,熄灭+消灭+压制+使黯然失色+偿清
extra,额外的+不包括在价目内的+特大的+特佳的+特别地+非常+另外+额外人(或物)+(报纸)号外+上等品+(电影)临时演员
extract,精+汁+榨出物+摘录+选粹+拔出+榨取+开方+求根+摘录+析取+吸取
extraordinary,非常的+特别的+非凡的+特派的
extravagant,奢侈的+浪费的+过分的+放纵的
extreme,尽头的+极端的+极度的+偏激的+最后的+极端+极端的事物
eyesight,视力+目力
fabric,织品+织物+布+结构+建筑物+构造
fabricate,制作+构成+捏造+伪造+虚构
facet,(多面体的)面+(宝石等的)刻面+小平面+方面+琢面+在...上刻画
facilitate,（不以人作主语的）使容易+使便利+推动+帮助+使容易+促进
facility,容易+简易+灵巧+熟练+便利+敏捷+设备+工具
factor,因素+要素+因数+代理人
faculty,才能+本领+能力+全体教员+(大学的)系+科+(授予的)权力
fade,(声音等)减弱下去+褪色+消失+枯萎+凋谢+使褪色+淡入+淡出+乏味的+平淡的
failure,失败+失败者+缺乏+失灵+故障+破产+疏忽+<美>不及格
faint,昏晕+昏倒+虚落地+衰弱的+软弱的+无力的+微弱的+暗淡的+模糊的+昏晕+昏倒+变得微弱+变得没气力
fairly,公正地+正当的+公平对待某人+公平地+相当地+还算+清楚地
fairy,仙女+精灵+<美俚>漂亮姑娘+仙女的
faith,信任+信念+宗教信仰+忠实+保证+诺言+约定
faithful,守信的+忠实的+详确的+可靠的+信徒
fake,假货+欺骗+假的+伪造+赝造+捏造+假造+仿造+伪装
fame,名声+名望+传说+<古>传闻+(常用被动语态)使闻名+使有名望+盛传
famine,饥荒+<古>饥饿+严重的缺乏
fancy,奇特的+异样的+想象+设想+认为+爱好+自负+爱好+迷恋+想象力
fantastic,幻想的+奇异的+稀奇古怪的+荒谬的+空想的
fantasy,幻想+白日梦
fare,费用+旅客+食物+遭遇+进展+进步+经营+过活
farewell,辞别+再见+再会+int.再会+别了!(常含有永别或不容易再见面的意思)
fascinate,使着迷+使神魂颠倒+入迷+极度迷人的
fascinating,迷人的+醉人的+着魔的
fashion,样子+方式+流行+风尚+时样+形成+造+作+把...塑造成+使适应+使适合+改革+改变
fashionable,流行的+时髦的
fasten,扎牢+扣住+闩住+拴紧+使固定+系+集中于+强加于+扣紧+抓住
fatal,致命的+重大的+命运注定的+不幸的+致命的+毁灭性的
fate,天数+命运+运气+注定+送命
fatigue,疲乏+疲劳+累活+[军]杂役+使疲劳+使心智衰弱+疲劳
faulty,有过失的+有缺点的+不完美的+不完善的
favour,亲切+宠爱
favourable,赞成的+称许的+有利的+顺利的+有利
favourite,特别喜爱的+中意的+特别喜爱的(或物)
fearful,可怕的+吓人的+恐怕的+严重的
feasible,可行的+切实可行的
feast,节日+盛宴+筵席+宴会+酒席+盛宴+款待+享乐+请客+参加宴会+享受
feather,翎毛+轻的东西+羽毛+长羽毛+用羽毛装饰+射掉(飞禽)的羽毛
feature,面貌的一部分(眼+口+鼻等)特征+容貌+特色+特写+是...的特色+特写+放映+起重要作用
federal,联邦的+联合的+联邦制的+同盟的+(南北战争)北部联邦同盟盟员+连邦软件公司+国内正版经销商
federation,同盟+联邦+联合+联盟
fee,费(会费、学费等)+酬金
feeble,虚弱的+衰弱的+无力的+微弱的+薄弱的
feedback,[无]回授+反馈+反应
fellowship,伙伴关系+交情+团体+奖学金+友谊
female,女性+女人+雌兽+女性的+女子的+妇女的+雌的+柔弱的+(声+色)柔和的
feminine,妇女(似)的+娇柔的+阴性的+女性的
ferry,摆渡+渡船+渡口+渡运+(乘渡船)渡过+运送+摆渡+(船)来往行驶
fertile,肥沃的+富饶的+能繁殖的
fertilizer,肥料(尤指化学肥料)+[动]受精媒介物
festival,节日+喜庆日+音乐节+戏剧节+喜庆+欢宴+欢乐+节日的+快乐的
fibre,纤维+构造+纤维制品+[植]须根
fiction,虚构+编造+小说
fierce,凶猛的+猛烈的+热烈的+暴躁的<美>极讨厌的+难受的+<英方>精力旺盛的
figure,外形+体形+图形+画像+数字+形状+身份+描绘+塑造+表示+象征+演算+认为+出现+考虑+出名+扮演角色
filter,滤波器+过滤器+滤光器+筛选+过滤+渗透+用过滤法除去+滤过+渗入+(消息等)走漏+慢慢传开
finally,最后+终于+不可更改地+决定性地
finance,财政+金融+财政学+供给...经费+负担经费+筹措资金
financial,财政的+金融的
finding,发现+发现物+决定+[律]裁决
finite,有限的+[数]有穷的+限定的
fireman,救火队员+消防队员
fisherman,渔民+渔夫
fitting,适合的+相称的+适宜的+试穿+试衣+装配+装置
fixture,固定设备+预定日期+比赛时间+[机]装置器+工作夹具
flame,火焰+光辉+光芒+热情+激情
flank,腰窝+侧面+军队侧翼+侧腹+胁+腰窝肉+在...的侧面+侧翼包围+守侧面+侧面与...相接
flap,拍打+拍打声+副翼+拍打+鼓翼而飞+飘动+拉下(帽)的边+扔+掷
flare,闪光+闪耀+闪光+突然烧起来+闪耀+使闪耀+使张开
flash,[计]动画编辑工具+闪光+闪现+一瞬间+闪光+闪现+反射+使迅速传便+使闪光+反射+闪光的+火速的
flask,瓶+长颈瓶+细颈瓶+烧瓶+小水瓶
flat,平坦的+扁平的+单调的+干脆的+无聊的+平直地+正好+断然地+平面+一层+公寓+(使)变平+(使)降半音
flatter,过分夸赞+奉承+阿谀+使高兴+使满意+(画+肖像上的形象)胜过(真人或实物)
flaw,缺点+裂纹+瑕疵+一阵狂风+使破裂+使有缺陷+使无效+生裂缝+变的有缺陷
flee,逃避+逃跑+逃走+消散+逃+消失
fleet,舰队(有固定活动地区舰队)+港湾+小河+快速的+敏捷的+浅的+浅+消磨+疾驰+飞逝+掠过
flesh,肉+(供食用的)兽肉+肉体+肉欲+果肉+蔬菜的嫩部+亲属+人体+以肉喂(猎犬等)+使肥+赋以血肉+长胖
flexible,柔韧性+易曲的+灵活的+柔软的+能变形的+可通融的
fling,投+掷+猛冲+暴躁的行动+急冲+嘲弄+讥笑+猛投+抛+掷+使陷入+挥动+嘲笑+扫视+猛冲+直冲+急行
flip,掷+弹+轻击+鞭等抽打+空翻+用指轻弹+抽打+翻书页(或纸张)+蹦跳+抛+弹+筋斗+无礼的+冒失的+轻率的
float,漂流物+浮舟+浮萍+彩车+浮动+飘浮+散播+摇摆+(计划等)付诸实行+使漂浮+容纳+淹没+发行+用水注满
flock,羊群+(禽、畜等的)群+大量+众多+聚结
flood,洪水+水灾+(因雨)涨潮+[诗]水+淹没+使泛滥+注满+充满+被水淹+溢出+涌进+喷出+涌出
flour,面粉
flourish,繁荣+茂盛+活跃+手舞足蹈+兴旺+处于旺盛时期+挥动+夸耀+茂盛+兴旺+华饰+繁荣
fluctuate,变动+波动+涨落+上下+动摇+使动摇+使波动+使起伏
fluent,流利的+流畅的
fluid,流动性+流度+流动的+不固定的+可改变的+可另派用场的+流畅的
flush,奔流+晕红+激动+萌芽+活力旺盛+发烧+一手同花的五张牌+惊鸟+挥霍的+直接的+丰足的+泛滥的+齐平地+直接地+(脸)发红+奔涌+充沛+惊飞+淹没+冲洗+使脸红+使齐平+使惊飞+使激动
flutter,摆动+鼓翼+烦扰+鼓翼+飘动+悸动+乱跳+烦扰+拍(翅)+使焦急
foam,泡沫+水沫+泡沫材料+泡沫橡皮+泡沫塑料+起泡沫+冒汗水+吐白沫+使起泡沫
focus,(兴趣活动)中心+焦点+焦距+[医]病灶+地]+震源+聚焦+注视+使集中+在焦点上+定焦点+调焦+集中
fog,雾+烟雾+尘雾+迷惑+苔藓+被雾笼罩+变模糊+使困惑+以雾笼罩
foil,箔+金属薄片+[建]叶形片+烘托+衬托+衬托+阻止+挡开+挫败+贴箔于
fold,折+羊栏+折痕+信徒+折叠+包+合拢+抱住+笼罩+调入+交迭+折叠起来+彻底失败
folk,人们+亲属(复数)+民族+民间的
following,下列各项+部下+党羽+下列的+其次的+在...之后
footstep,脚步+脚步声+一步跨出去的距离
forbid,禁止+不许+禁止
force,力量+武力+精力+魄力+势力+暴力+[复]军队+影响力+强制+强加+(用武力)夺取+使+推动+施加压力
forecast,先见+预见+预测+预报+预想+预测+预报+预兆
forehead,前额+(任何事物的)前部
foremost,(位置或时间)最先的+最初的+最重要的+首要地+首先
foresee,预见+预知
forge,稳步前进+铸造+伪造
formal,外形的+正式的+合礼仪的+形式的+整齐匀称的+正式的社交活动
format,开本+版式+形式+格式+安排...的格局(或规格)+[计]格式化(磁盘)
formation,形成+构成+编队
former,从前的+以前的+形成者+创造者+模型+样板
formidable,强大的+令人敬畏的+可怕的+艰难的
formula,公式+规则+客套语
formulate,用公式表示+明确地表达+作简洁陈述+阐明
fort,堡垒+边界上的贸易站
forth,往前+向外
forthcoming,即将来临的+来临
fortnight,两星期
fortunately,幸运地
forum,古罗马城镇的广场(或市场)+论坛+法庭+讨论会
fossil,化石+僵化的事物+化石的+陈腐的+守旧的
foster,养育+抚育+培养+鼓励+抱(希望)+养育者+鼓励者
foul,污秽的+邪恶的+恶劣的+弄脏+妨害+污蔑+犯规+腐烂+犯规+缠结+犯规+缠绕+违反规则地+不正当地
foundation,基础+根本+建立+创立+地基+基金+基金会
fountain,泉水+喷泉+源泉
fraction,小部分+片断+分数
fracture,破裂+骨折+(使)破碎+(使)破裂
fragile,易碎的+脆的
fragment,碎片+断片+片段
fragrance,芬芳+香气+香味
frame,结构+体格+构成+设计+制定+使适合+陷害+<英方>有成功希望+帧+画面+框架
framework,构架+框架+结构
frank,坦白的+率直的+老实的+免费邮寄+免费邮寄特权
frantic,狂乱的+疯狂的
fraud,欺骗+欺诈行为+诡计+骗子+假货
freight,货物+船货+运费+货运+装货+使充满+运送
frequency,频率+周率+发生次数
frequent,时常发生的+频繁的
friction,摩擦+摩擦力
fringe,边缘+须边+刘海+边缘的+额外的+在...上加以缘饰+成为...的边缘
frog,青蛙+捕蛙
frontier,国境+边疆+边境
frost,霜+霜冻+严寒+结霜
frown,皱眉+蹙额+不赞成+反对+皱眉
fruitful,果实结得多的+多产的+富有成效的
frustrate,挫败+阻挠+使感到灰心+阻止
fry,油炸食物+油炸锅+鱼苗+鱼秧+油炸+油煎
fuel,燃料+加燃料+供以燃料+得到燃料
fulfil,实践+履行+实行+结束+满足+完成+达到
fulfill,履行+实现+完成(计划等)
function,官能+功能+作用+职责+典礼+仪式+[数]函数+(器官等)活动+运行+行使职责
fund,资金+基金+支助+投资
fundamental,基础的+基本的+基本原则+基本原理
funeral,葬礼+出殡
fur,毛皮+毛+软毛
furious,狂怒的+狂暴的+激烈的+热烈兴奋的+极为激烈
furnace,炉子+熔炉
furnish,供应+提供+装备+布置+供给
furniture,家具+设备+储藏物
furthermore,此外+而且
fury,狂怒+狂暴+激烈+狂怒的人
fuse,保险丝+熔丝+熔合
fusion,熔化+熔解+熔合+熔接
fuss,忙乱+大惊小怪+大惊小怪的人+忙乱+大惊小怪
galaxy,星系+银河+一群显赫的人+一系列光彩夺目的东西
gallery,走廊、戏院、教堂等中最高的楼座+美术陈列室+画廊+图库
gallon,加仑
gamble,冒险+赌博+投机+孤注一掷
gang,(一)伙+(一)群
gaol,(<英>=jail)监狱+拘留所+监禁
gap,缺口+裂口+间隙+缝隙+差距+隔阂
garbage,垃圾+废物
gardener,园丁
garlic,[植]大蒜+(Akkuynsadtium)+蒜头
garment,衣服+外衣+外表
gasoline,汽油
gasp,喘息+气喘+气吁吁地说
gauge,标准尺+规格+量规+量表+测量
gaze,盯+凝视+凝视
gear,齿轮+传动装置+调整+(使)适合+换档
gene,[遗传]因子+[遗传]基因
generalize,归纳+概括+推广+普及
generally,一般+通常+一般地
generate,产生+发生
generator,发电机+发生器
generous,慷慨的+大方的+有雅量的
genetic,遗传的+起源的
genius,天才+天赋+天才人物
genuine,真实的+真正的+诚恳的
geology,地质学+地质概况
geometry,几何学
germ,微生物+细菌
gesture,姿态+手势+表示+作手势+以手势表示
ghost,鬼+幽灵
giant,巨人+大力士+巨大的动物或植物+伟人+天才+庞大的+巨大的
gigantic,巨人般的+巨大的
giggle,哈哈地笑+傻笑
given,赠予的+沉溺的+特定的+假设的+vbl.give的过去分词
glamour,[亦作glamor]魔力+魅力+迷惑
glance,扫视+匆匆一看+一瞥+眼光+匆匆一看
gland,[解剖]腺+[机械]密封管
glare,眩目的光+显眼+怒目而视+(冰等的表面)光滑的表面+闪耀
gleam,微弱的闪光+一丝光线+瞬息的一现+闪烁+隐约地闪现+使发微光+使闪烁
glide,滑行+悄悄地走+(时间)消逝+滑翔+滑行+滑翔+滑移+滑音
glimpse,一瞥+一看+瞥见
glitter,闪闪发光+闪烁+闪光+闪光
global,球形的+全球的+全世界的
globe,球体+地球仪+地球+世界
gloom,阴暗+阴沉+(使)变阴暗+优伤地说+繁荣
gloomy,黑暗的+阴沉的+令人沮丧的+阴郁的
glorious,光荣的+显赫的
glory,荣誉+光荣
glove,手套+戴手套
glow,发光+发热
glue,胶+胶水+胶合+粘贴+粘合
golf,高尔夫球+打高尔夫球
goodness,仁慈+善良
gorgeous,华丽的+灿烂的
gossip,闲话+闲谈
govern,统治+支配+管理
governor,统治者+管理者+地方长官+主管人员
gown,长袍+法衣+礼服+睡袍
grab,抢夺+攫取+夺取
grace,优美+雅致+优雅
graceful,优美的
gracious,亲切的+高尚的
gradual,逐渐的+逐步的+渐进的
graduate,(大学)毕业生+研究生+(使)(大学)毕业
grain,谷物+谷类+谷粒+细粒+颗粒+粮食
gram,克+[植]鹰嘴豆(用作饲料)
grammar,文法+有关原理的书+入门的书
gramme,克
grand,盛大的+豪华的+重大的+主要的+极重要的
grant,同意+准予+承认(某事为真)～
grape,葡萄+葡萄树
graph,图表+曲线图
graphic,绘画似的+图解的
grasp,抓住+抓紧+掌握+领会+抓住+抓紧+掌握+领会
grateful,感激的+感谢的
gratitude,感谢的心情
grave,墓穴+坟墓+严重的+(颜色)黯淡的+(声音)低沉的+雕刻+铭记
gravity,地心引力+重力
graze,放牧+吃草+擦伤+擦过+放牧+牧草+轻擦+擦破处
grease,油脂+贿赂+涂脂于+<俗>贿赂
greedy,贪吃的+贪婪的+渴望的
greenhouse,温室+花房
grief,悲痛+伤心事+不幸+忧伤
grieve,(使)悲痛+(使)伤心+忧伤
grim,严酷的
grin,露齿笑+裂口笑+露齿而笑
grind,磨(碎)+碾(碎)+折磨
grip,紧握+紧夹+掌握+控制+把手+抓住
groan,呻吟+叹息+呻吟+受折磨+受压迫发出嘎吱声+呻吟着说
grocer,食品商+杂货店
groove,(唱片等的)凹槽+惯例+最佳状态+开槽于
grope,摸索
gross,总的+毛重的+总额
growth,生长+种植+栽培+发育+等比级数
guarantee,保证+保证书+担保+抵押品+保证+担保
guardian,护卫者+保护人+监护人+守护的
guidance,指导+领导
guideline,方针
guilty,犯罪的+有罪的+心虚的
guitar,吉他+六弦琴+弹吉他
gulf,海湾+深渊+漩涡+隔阂+吞没+使深深卷入
gum,齿龈+树脂+橡胶+橡胶树+口香糖+香口胶+泡泡糖
guy,家伙+人
gym,gymnasium体育+体育馆+体操
gymnasium,健身房+体育馆
halt,停止+暂停+中断+使停止+使立定+立定+停止+踌躇+有缺点
hammer,铁锤+槌+锤子+锤击+锤打
hamper,妨碍+牵制
handbag,手提包
handbook,手册+便览
handful,一把+少数
handicap,障碍+阻碍+障碍赛跑+妨碍+使不利+阻碍
handle,柄+把手+把柄+口实+手感+触摸+运用+买卖+处理+操作+搬运+易于操纵+[计]句柄
handwriting,笔迹+书写体+书法+笔势
handy,手边的+就近的+唾手可得的+便利的+敏捷的+容易取得的
happen,发生+碰巧+偶然+发生+恰巧+偶然发现
harbour,(=harbor)海港
harden,使变硬+使坚强+使冷酷+变硬+变冷酷+涨价
hardship,困苦+艰难+辛苦
hardware,五金器具+(电脑的)硬件+(电子仪器的)部件
hardy,难的+艰苦的+勇敢的+努力地+辛苦地+坚硬地
harm,伤害+损害+伤害+损害
harmony,协调+融洽
harness,(全套)马具+系在身上的绳子+甲胄+上马具+披上甲胄+利用(河流、瀑布等)产生动力(尤指电力)
harsh,粗糙的+荒芜的+苛刻的+刺耳的+刺目的
haste,匆忙+急忙
hasty,匆忙的+草率的
hatch,孵化+舱口+舱口盖+(门、墙壁、地板上的)开口+孵+孵出+策划+图谋+孵化
hatred,憎恨+乱意+仇恨
haul,用力拖+拖拉+捕获物+努力得到结果+一网捕获鱼量+拖运距离+拖+拉+改变方向+改变主意+拖拉+拖运
haunt,神鬼出没
hawk,鹰+掠夺他人的人+鹰派成员+放鹰+像鹰一般地袭击+清嗓+咳嗽+捕捉+咳出+兜售+(沿街)叫卖+散播
hay,干草
hazard,冒险+危险+冒险的事+冒...的危险+赌运气+使遭危险
heading,标题
headline,大字标题
headquarters,司令部+指挥部+总部
heal,治愈+医治+结束
heap,堆+大量+许多+堆+堆起+堆积
hearing,听力+听觉+听取意见+听讼+倾听
heave,举起+举起
hedge,树篱+障碍物+用树篱围住+避免作正面答复
heel,脚后跟+踵+跟部
heighten,提高+升高
heir,继承人+后嗣
helicopter,直升(飞)机+直升机
hell,地狱+苦境+阴间+地狱中的人+训斥+狂饮+飞驰+int.该死!
helpful,有帮助的+有用的+有益的
helpless,无助的+无能的+没用的
hemisphere,半球
hen,母鸡+雌鸟
hence,因此+从此
henceforth,自此以后+今后
herb,药草+香草
herd,兽群+牧群+把...赶在一起放牧+成群
heritage,遗产+继承权+传统
heroic,英雄的+英勇的
hesitate,犹豫+踌躇+不愿
hierarchy,层次+层级
highlight,加亮区+精彩场面+最显著(重要)部分+加亮+使显著+以强光照射+突出
highly,高地+非常
highway,公路+大路
hike,远足+飞起+步行+远足+增加
hinder,后面的+阻碍+打扰
hinge,（门、盖等的）铰链+枢纽+关键+装铰链+装以绞链+依...而转移
hint,暗示+提示+线索
hip,臀+蔷薇果+忧郁+熟悉内情的+使忧郁+给（屋顶）造屋脊+int.喝彩声
hire,租金+工钱+租用+雇用+雇请+出租+受雇
historian,历史学家+史家
historic,历史上著名的+有历史性的
historical,历史(上)的+有关历史的
hitherto,迄今+至今
hobby,业余爱好
hoist,提升间+升起
hollow,洞+窟窿+山谷+空的+虚伪的+空腹的+凹的+<口>彻底形成空洞+挖空+弄凹
holy,神圣的+圣洁的+神圣的东西
homogeneous,同类的+相似的+均一的+均匀的
honey,(蜂)蜜+蜂蜜
honourable,可敬的+荣誉的+光荣的
hook,钩+吊钩+钩住+沉迷+上瘾
hop,单脚跳+(鸟+蛙等)跳跃+蛇麻草
hopeful,怀有希望的+有希望的
hopeless,没有希望的+绝望的+不可救药
horizon,地平线+地平(线)+(知识+思想等的)范围+视野
horizontal,地平线的+水平的
horn,(牛、羊等的)角+喇叭+触角+装角
horrible,可怕的+恐怖的+讨厌的
horror,惊骇+恐怖+惨事+极端厌恶
horsepower,马力
hose,软管+水龙带+长筒袜+用软管浇水
hospitality,好客+宜人+盛情
hostage,人质+抵押品
hostile,敌对的+敌方的+敌对
hound,猎犬+带猎犬狩猎+卑鄙的人+追捕+激励+使追逐
household,一家人+家庭+家族+王室+家庭的+家族的+家属的+普通的+平常的
housing,供给住宅+住宅群+机架+住房供给
hover,盘旋
howl,嚎叫+怒吼+嚎啕大哭+喝住+号叫+嚎叫+怒号+嚎哭
huddle,拥挤+卷缩+草率从事+挤作一团+杂乱的一堆+拥挤
hug,拥抱
hum,嗡嗡叫+哼+嗡嗡声+吵杂声
humanity,人性+人类+博爱+仁慈
humble,卑下的+微贱的+谦逊的+粗陋的+使...卑下+挫+贬抑
humidity,湿气+潮湿+湿度<美>沼泽中的肥沃高地
humorous,富幽默感的+滑稽的+诙谐的+想入非非的+异想天开的
humour,幽默+诙谐
hunt,打猎+猎取+搜索+搜寻+猎获+打猎+猎取+搜索+搜寻+狩猎
hurl,<俚>[棒球]用力或猛烈的投掷+用力投掷+愤慨地说出+丢下+推翻+猛投+猛掷
hurricane,飓风+狂风
hut,小屋+棚屋
hydrogen,氢
hypothesis,假设
hysterical,a歇斯底里的+异常兴奋的
ideal,理想+理想的+完美的+想象的+观念的+唯心论的
identical,同一的+同样的
identification,辨认+鉴定+证明+视为同一
identify,识别+鉴别+把...和...看成一样+确定
identity,同一性+身份+一致+特性+恒等式
ideology,意识形态
idiom,成语+方言+土语+习惯用语
idiot,白痴+愚人+傻瓜
idle,空闲的+懒惰的+停顿的+无用的+不做事+游手好闲+(机器)空转+虚度+不作事+游手好闲+浪费+虚度+使空闲+使空转
ignite,点火+点燃
ignorance,无知+不知
ignorant,无知的
ignore,不理睬+忽视+[律](因证据不足而)驳回诉讼
illegal,违法的+不合规定的
illuminate,照明+照亮+阐明+说明+使灿烂+以灯火装饰(街道等)+照亮
illusion,幻想
illustrate,举例说明+图解+加插图于+阐明+举例
illustration,说明+例证+例子+图表+插图+图解
image,图象+肖像+偶像+形象化的比喻+极为相象+映像+典型+想象+作...的像+反映+象征
imaginary,假想的+想象的+虚构的
imagination,想象+空想+想象的事物+想象力+听觉
imaginative,想象的+虚构的
imitate,模仿+仿效+仿制+仿造+模仿
imitation,模仿+效法+冒充+赝品+仿造物
immediately,立即+马上+直接地
immense,极广大的+无边的+<口>非常好的
immerse,沉浸+使陷入
immigrant,(从外国)移来的+移民的+移居的+移民+侨民
immune,免疫的
impact,碰撞+冲击+冲突+影响+效果+挤入+撞击+压紧+对...发生影响
impair,削弱
impart,给予(尤指抽象事物)+传授+告知+透露
impatient,不耐烦的+急躁的+不耐心的
imperative,命令+诫命+需要+规则+祈使语气+命令的+强制的+紧急的+必要的+势在必行的+[语法]祈使的
imperial,皇帝的
impetus,推动力+促进
implement,工具+器具+贯彻+实现+执行
implication,牵连+含意+暗示
implicit,暗示的+盲从的+含蓄的+固有的+不怀疑的+绝对的
imply,暗示+意味
import,进口货(常用复数)+进口+输入+意思+重要性+输入+进口+含...的意思+重要+引入+有关系+有重要性
impose,征税+强加+以...欺骗+利用+欺骗+施影响
impress,印+盖印+留下印象
impression,印象+感想+盖印+压痕
impressive,给人深刻印象的+感人的
improve,改善+改进
improvement,改进+进步
impulse,推动+刺激+冲动+推动力+推动
inaugurate,举行就职典礼+创新+开辟+举行开幕(落成、成立)典礼.
incentive,动机+激励的
incidence,落下的方式+影响范围+[物理]入射
incident,事件+事变+附带的+易于发生的
incidentally,附带地+顺便提及
incline,倾斜+斜坡+斜面+使倾向于+使倾斜+倾向+倾斜
include,包括+包含
inclusive,包含的+包括的
incorporate,合并的+结社的+一体化的+合并+使组成公司+具体表现+合并+混合+组成公司+[律]结社+成为法人组织
increasingly,日益+愈加
incredible,<口>难以置信的
incur,招致
indefinite,模糊的+不确定的+[语]不定的
independence,独立+自主
independent,中立派+无党派者+独立自主的+不受约束的
index,索引+[数学]指数+指标+(刻度盘上)指针+编入索引中+指出+做索引
indicate,指出+显示+象征+预示+需要+简要地说明
indication,指出+指示+迹象+暗示
indicative,(～of)指示的+预示的+可表示的
indifferent,无关紧要的
indignant,愤怒的+愤慨的
indignation,愤慨+义愤
indirect,间接的+迂回的
indispensable,不可缺少之物+不可缺少的+绝对必要的
individual,个人+个体+个别的+单独的+个人的
indoor,户内的+室内的
induce,劝诱+促使+导致+引起+感应
indulge,纵容
industrial,工业的+产业的+实业的+从事工业的+工业工人+[商]工业股票
industrialize,使工业化+工业化
inertia,惯性+惯量
inevitable,不可避免的+必然的
infant,婴儿+幼儿+婴儿的+幼稚的
infect,[医]传染+感染
infectious,有传染性的+易传染的+有感染力的
infer,推断
inference,推论
inferior,下等的+下级的+差的+次的+自卑的+劣等的
infinite,无限的东西(如空间、时间)+[数]无穷大+无穷的+无限的+无数的+极大的
inflation,胀大+夸张+通货膨胀+(物价)暴涨
inflict,造成
influence,影响+感化+势力+有影响的人(或事)+(电磁)感应+影响+改变
influential,有影响的+有势力的
inform,(～of/about)通知+告诉+获悉+告知
ingenious,机灵的+有独创性的+精制的+具有创造才能
ingredient,成分+因素
inhabit,居住于+存在于+占据+栖息
inhabitant,居民+居住者
inherent,固有的+内在的+与生俱来的
inherit,继承+遗传而得
inhibit,抑制+约束+[化][医]抑制
initial,最初的+词首的+初始的+词首大写字母
initiate,开始+发动+传授+开始+发起
initiative,主动
inject,注射+注入
injection,注射+注射剂+(毛细血管等的)充血+(人造卫星+宇宙飞船等的)射入轨道
injure,损害+伤害+伤害
injury,伤害+侮辱
inland,内陆的+国内的+在内地+向内地+内地
inlet,进口+入口+水湾+小港+插入物
inn,(尤指乡村或公路边的)旅馆+客栈+住旅馆
inner,内部的+里面的+内心的+内部
innocent,(～of)清白的+无罪的+天真的+无知的
innovation,改革+创新
innumerable,无数的+数不清的
input,输入+输入
inquire,询问+问明+查究
inquiry,质询+调查
insane,患精神病的+精神病患者的+极愚蠢的
insect,昆虫+卑鄙的人+.虫的+虫子一样的+对付虫子的
insert,插入+嵌入+插入物
insight,洞察力+见识
insist,坚持+强调
inspect,检查+视察+
inspiration,灵感
inspire,吸(气)+鼓舞+感动+激发+启示+使生灵感+产生+吸入+赋予灵感
install,安装+安置+使就职
installation,[计]安装+装置+就职
installment,部分
instance,实例+建议+要求+情况+场合+举...为例+获得例证
instant,立即的+直接的+紧迫的+刻不容缓的+(食品)速溶的+方便的+即时的
instantaneous,瞬间的+即刻的+即时的
instead,代替+改为+抵作+更换
instinct,本能
institute,学会+学院+协会+创立+开始+制定+开始(调查)+提起(诉讼)
institution,公共机构+协会+制度
instruct,教+教导+命令+指示+通知
instruction,指示+用法说明(书)+教育+指导+指令
instrument,工具+手段+器械+器具+手段
instrumental,仪器的+器械的+乐器的
insulate,使绝缘+隔离
insult,侮辱+凌辱+侮辱+凌辱
insurance,保险+保险单+保险业+保险费
insure,给...保险+确保
intact,完整无缺的+尚未被人碰过的+(女子)保持童贞的+(家畜)未经阉割的
integral,完整的+整体的+[数学]积分的+构成整体所需要的+[数学]积分+完整+部分
integrate,使成整体+使一体化+求...的积分+结合
integrity,正直+诚实+完整+完全+完整性
intellect,智力
intellectual,智力的+有智力的+显示智力的+知识分子
intelligence,智力+聪明+智能
intelligent,聪明的+伶俐的+有才智的+[计]智能的
intelligible,可理解的
intend,想要+打算+意指+意谓
intense,强烈的+剧烈的+热切的+热情的+激烈的
intensify,加强+强化
intensity,强烈+剧烈+强度+亮度
intensive,强烈的+精深的+透彻的+[语法]加强语气的+加强器
intent,意图+目的+意向+[律](犯罪或侵权行为的)故意+专心的+决心的+热心的
intention,意图+目的
interact,互相作用+互相影响
interaction,交互作用+交感
intercourse,交往+交流
interest,兴趣+关心+重要性+影响+利息+利益+利害+使发生兴趣+引起...的注意
interfere,干涉+干预+妨碍+打扰
interference,冲突+干涉
interim,中间的+临时的+间歇的+中间时期+过渡时期+暂定
interior,内部的+内的+内部
intermediate,中间的+媒介
intermittent,间歇的+断断续续的
internal,内在的+国内的
interpret,解释+说明+口译+通译+认为是...的意思
interpretation,解释+阐明+口译+通译
interrupt,打断(在说话或动作人)+中断+妨碍+插嘴+打断(别人的话或行动)+(发给电脑的)中断信号
intersection,[数]交集+十字路口+交叉点
interval,间隔+距离+幕间休息+时间间隔
intervene,干涉+干预+插入+介入+(指时间)介于其间+干涉
interview,接见+会见+接见+会见
intimate,亲密的+隐私的+宣布+明白表示+熟友
intimidate,胁迫
intricate,复杂的+错综的+难以理解的
intrigue,阴谋+诡计+密谋+私通+激起...的兴趣+用诡计取得
intrinsic,(指价值、性质)固有的+内在的+本质的
introduction,介绍+传入+初步+导言+绪论+入门
intuition,直觉+直觉的知识
invade,侵略+侵袭+拥挤
invalid,病人+残废者+有病的+残废的
invaluable,无价的+价值无法衡量的
invariably,不变地+总是+总是
invasion,入侵
invent,发明+创造+发明
invention,发明+创造
inventory,详细目录+存货+财产清册+总量
invert,转化的+使颠倒+使转化+颠倒的事物
invest,投(资)+购买(有用之物)～+授予+投资
investigate,调查+研究
investment,投资+可获利的东西
invisible,看不见的+无形的
invitation,邀请+招待
involve,包括+笼罩+潜心于+使陷于
inward,向内+在内+向内的+内在的
irony,反话+讽刺+讽刺之事
irrespective,不顾的+不考虑的+无关的
irrigation,灌溉+冲洗
irritate,激怒+使急躁+刺激
isle,小岛+岛+使成为岛屿+住在岛屿上
isolate,使隔离+使孤立+使绝缘+离析+隔离种群
issue,出版+发行+论点+问题+结果+(水血)流出+发行+流出+造成...结果+辩护+传下+使流出+放出+发钞+发令+出书+[律]子女+后嗣
item,(可分类或列举的)项目+条款+(消息、情报等的)一则+一条
ivory,象牙
jail,监狱+监禁
jar,震动+刺耳声+震惊+争吵+罐+广口瓶+震惊+冲突+发刺耳声+不一致+震动+刺激
jaw,[解]颚+颌+下巴(用复数)+(山谷、海峡等的)狭窄的入口+[机]叉钳+钳夹+闲谈+教训+唠叨
jazz,(20世纪产生于美国一种舞曲性音乐)爵士乐+喧闹+爵士乐的+喧吵的+颜色过于艳丽的+奏爵士乐+跳爵士舞+游荡+奏爵士乐+使活泼
jealous,妒忌的+猜疑的+警惕的+嫉妒的
jeans,斜纹布裤+牛仔裤
jeopardize,危害
jerk,性情古怪的人+急推+猛拉+肌肉抽搐+(生理)反射+牛肉干+痉挛+急拉+颠簸地行进+猛拉
jet,喷射+黑玉+喷射+黑玉色的+墨黑的+喷气机
jewel,宝石
jog,轻推+轻撞+漫步+轻推+(使)蹒跚行进+(使)慢跑
joint,接缝+接合处+接合点+关节+(牛羊等腿)大块肉+共同的+联合的+连接的+合办的+连接+接合+使有接头+贴合+生节
journal,定期刊物+杂志+航海日记+分类账
journalist,新闻记者+从事新闻杂志业的人
journey,旅行+旅程+旅行
judgement,审判+判决+判断力+意见+看法+评价
junction,连接+接合+交叉点+汇合处
jungle,丛林+生死关头
junior,年少者+晚辈+下级+(年龄、职位等)较低者+大学三年级学生+年少的+下级的+后进的
junk,垃圾+舢板
jury,[律]陪审团+评判委员会+陪审员+[海]临时应急的
justice,正义+正当+公平+正确+司法+审判+欣赏
justification,认为有理+认为正当+理由+辩护+释罪
justify,证明...是正当的
juvenile,青少年的+幼稚的+青少年+少年读物
keen,锋利的+敏锐的+敏捷的+热心的+渴望的
kettle,壶+罐+釜+鼓
keyboard,[计]键盘
kid,哄骗+取笑+开玩笑+小孩+小山羊+哄骗+取笑+开玩笑+欺骗
kidnap,诱拐(小孩)+绑架+勒赎
kidney,肾+(动物可食用的)腰子+个性+性格
kindergarten,幼儿园+幼儿园的+初级的+启蒙阶段的
kindness,仁慈+亲切+好意+善意
kingdom,王国+[宗]天国+上帝的统治+领域
kit,成套工具+用具包+工具箱+成套用具
kneel,跪下
knit,编织+密接+结合
knob,(门+抽屉等的)球形捏手+节+瘤+旋钮+球形突出物+(煤+砂糖等的)小块+使有球形突出物+鼓起
knot,(绳等的)结+(树的)节+节(船速+＝哩／小时)+打结
label,标签+签条+商标+标志+贴标签于+指...为+分类+标注+[计]加上或修改磁盘的标签
laboratory,实验室
lace,饰带+花边+缎带+鞋带+扎带子+扎+饰以花边+缚带子
lad,少年+青年男子+<口>伙计+家伙（呢称）
lag,落后+囚犯+迟延+桶板+防护套+最后的+缓缓而行+滞后+落后于+押往监狱+加上外套
lamb,小羊+羔羊+生小羊
lame,跛足的+僵痛的+不完全的+金属薄片+不知内情的人+(辩解、论据等)无说服力的+变跛+瘸行+使成残废
landlord,房东+地主+(旅馆等的)老板
landscape,风景+山水画+地形+前景+美化
lane,（乡间）小路+巷+里弄+狭窄的通道+航线
lap,(坐时的)大腿前部+膝盖+舔声+(水)溅泼声+重叠的部分+(跑道的)一圈+衣兜+下摆+重叠+围住+轻拍+舔+包围+抱...在膝上+使重叠+舔食+泼溅+拍打
largely,主要地+大量地+很大程度上
laser,激光
lash,鞭子+鞭打+睫毛+责骂+讽刺+鞭打+摆动+扎捆+冲击+煽动+讽刺+猛击+急速甩动
latent,潜在的+潜伏的+隐藏的+隐约的指印
latitude,纬度+范围+(用复数)地区+行动或言论的自由(范围)
latter,后面的+(两者中)后者的+较后的+近来的
laughter,笑+笑声
launch,下水+汽艇+发射+发行+投放市场+使(船)下水+掷(标枪等)+发射(导弹火箭等)+开办+发动+发起+起飞+下水+投入+开始
laundry,洗衣店+要洗的衣服+洗熨
lavatory,厕所+<主英>抽水马桶+<美>洗脸盆+浴室
lawn,草地+草坪+(均匀生长于固体培养基的)菌苔
layer,层+阶层
layman,外行
layout,规划+设计+(书刊等)编排+版面+配线+企划+设计图案+(工厂等的)布局图+版面设计
leader,领导者+社论+[计]前导字符+[机]导杆
leadership,领导能力+领导阶层
leading,领导的+第一位的+最主要的
leaflet,小叶+传单
leak,漏洞+漏出+漏出物+泄漏+<俚>撒尿+漏+泄漏+使渗漏
lean,倾斜+倾斜度+倚靠+倾向+瘦的+贫乏的+歉收的+倚靠+倾斜+依赖+倾向+偏向+使倾斜
leap,跳+跳越+跳跃+跳跃+飞跃
learned,有学问的+学术上的
learning,知识+学问+学习+学
lease,租借+租约+租赁物+租期+延续的一段时间+出租+租出+租得
leather,皮革+皮革制品
legal,法律的+法定的+合法
legend,传说+伟人传+图例+联想集团+中国最大的国有品牌微机制造商之一
legislation,立法+法律的制定(或通过)
legitimate,合法的+合理的+正统的+合法
leisure,空闲+闲暇+悠闲+安逸
lemon,柠檬+柠檬色的
lens,透镜+镜头
lest,conj.唯恐+以免+免得+(用于fear+beafraid之后+等于that)
lever,杆+杠杆+控制杆+抬起
levy,征收+征税+征兵+征收+征集+征用
liability,责任+义务+倾向+债务+负债+与assets相对
liable,有责任的+有义务的+易...的+有...倾向的+负有责任的+很有可能的
liberal,自由主义者+(尤指英国、加拿大等国的)+慷慨的+不拘泥的+宽大的+自由主义的
liberate,解放+释放
liberty,自由+特权+随意+冒失+冒昧+失礼
librarian,图书馆员+图书管理员
license,许可(证)+执照+许可+特许+许可
lick,舔+少许+打+舔+卷过+鞭打+克服+征服+轻轻拍打
lid,盖子+<美口>限制+眼睑+给...盖盖子
lieutenant,陆军中尉+海军上尉+副职官员
lightning,闪电+(“闪电”)英国第一种超音速喷气式战斗机+英60年代的主力机种。
likelihood,可能+可能性
likely,很可能的+合适的+可靠的+有希望的+或许+很可能
likewise,同样地+照样地+又+也+同样地
limb,肢+翼+分支
limitation,限制+局限性
limited,有限的+狭窄的+缺乏创见的+高级快车
limp,柔软的+易曲的+跛行
linear,线的+直线的+线性的
linen,亚麻布+亚麻制品+亚麻纤维制成的优质纸+亚麻布制的+亚麻的
liner,<美>班机+划线者+衬垫
linger,逗留+闲荡+拖延+游移
link,链环+连结物+火把+链接+连结+联合+挽+连接起来
liquid,液体+流体+流音+液体的+清澈的+透明的+明亮的+流动的+易变的+(财务)易变卖的
liquor,液体+汁+酒精饮料+[药]溶液+浸水+喝酒
liter,公升
literacy,有文化+有教养+有读写能力
literal,文字的+照字面上的+无夸张的
literary,文学(上)的+从事写作的+文艺的+精通文学的+书本的
literature,文学(作品)+文艺+著作+文献
litter,垃圾+(供动物睡眠或防冻用的)干草+树叶+(一)窝+轿+担架+乱丢+铺草+弄乱+产仔+乱丢垃圾
liver,居住者+生活优裕的人+肝脏
living-room,客厅+起居室
loaf,一条面包+块+游荡+游荡+虚度光阴
loan,（借出的）贷款+借出+借+借给
lobby,大厅+休息室+<美>游说议员者+游说议员+经常出入休息室+对(议员)进行疏通
local,地方的+当地的+局部的+乡土的+当地居民+本地新闻+慢车+局部
locality,位置+地点
locate,查找...的地点+使...坐落于+位于+定位+位于
location,位置+场所+特定区域+<美>[电影]外景拍摄场地
locomotive,机车+火车头+运动的
lodge,门房+(猎人住)山林小屋+(游览区)旅馆+(地方社团)集会处+临时住宿+寄宿(某人家)+容纳+寄存+把...射入+存放+(向有关当局)提出(声明)
lofty,高高的+崇高的+高傲的+高级的
log,航行日志+原木+园形木材+园木+把...记入航行日志+伐木+把...锯成段
logic,逻辑+逻辑学+逻辑性
logical,合乎逻辑的+合理的
longevity,长命+寿命+供职期限+资历
loom,织布机+织机+隐现+迫近
loop,环+线(绳)圈+弯曲部分+回路+回线+(铁路)让车道+(飞机)翻圈飞行+使成环+以圈结+以环连结+打环+翻筋斗+循环
loose,解放+放任+放纵+宽松的+不精确的+不牢固的+散漫的+自由的+释放+放枪+开船+变松+开火+松散地
loosen,解开+放松+松开
lord,封建领主+地主+统治者+[宗]上帝+称王称霸+作威作福+使成贵族
lorry,<古>卡车+铁路货车
lounge,闲逛+休闲室+长沙发+闲荡+懒洋洋地躺卧+虚度光阴
lover,爱人+爱好者+情人
lower,较低的+下级的+下等的+下游的+降低+跌落+减弱+放下+降下+减弱+贬低
loyal,忠诚的+忠心的
loyalty,忠诚+忠心
lubricate,润滑+加润滑油
lucky,幸运的+吉祥的+侥幸的
luggage,行李+皮箱
luminous,发光的+明亮的
lump,块（尤指小块）+肿块+笨人+使成块状+混在一起+忍耐+笨重地移动+结块
lunar,月的+月亮的
lung,肺+呼吸器+肺脏
lure,引诱
luxury,奢侈+华贵
machinery,[总称]机器+机械
magic,魔法+巫术+戏法+魔术的+有魔力的+不可思议的
magistrate,文职官员+地方官员
magnet,磁体+磁铁
magnetic,磁的+有磁性的+有吸引力的
magnificent,华丽的+高尚的+宏伟的
magnify,放大+扩大+赞美+夸大+夸张+有放大能力
magnitude,大小+数量+巨大+广大+量级
maid,少女+女仆
mainland,大陆
maintain,维持+维修+继续+供养+主张
maintenance,维护+保持+生活费用+扶养
majesty,最高权威+王权+雄伟
major,<美>[教]主修课+[律]成年人+[乐]大调+主修
majority,多数+大半+[律]成年
male,男的+雄的+男性
mall,购物商场+商业街+林荫路
management,经营+管理+处理+操纵+驾驶+手段
maneuver,机动+机动
manifest,载货单+旅客名单+显然的+明白的+出现+表明+证明
manipulate,(熟练地)操作+使用(机器等)+操纵(人或市价+市场)+利用+应付+假造+(熟练地)操作+巧妙地处理
mankind,人类+男性+男子
manner,礼貌+风格+方式+样式+习惯
mansion,大厦+官邸+公寓(用复数+用于专有名词中)
manual,手册+指南+手的+手动的+手工的+体力的+手册(性质)的+[律]实际占有的
manufacture,制造+加工+制造+制造业+产品
manufacturer,制造业者+厂商
manuscript,手稿+原稿
marble,大理石+(玩具)弹球.石弹子+雕刻品+大理石的+冷酷无情的+坚硬的
margin,页边的空白+(湖、池等的)边缘+极限+利润+差数+(时间、金额等的)富余+加边于+加旁注于
marginal,记在页边的+边缘的+边际的
marine,舰队+水兵+海运业+海的+海产的+航海的+船舶的+海运的
market,市场+销路+行情+在市场上交易+使上市+在市场上买卖
marriage,结婚+婚姻+婚姻生活+密切结合+合并
married,已婚的+婚姻的
marry,娶+嫁+和...结婚
marsh,湿地+沼泽+沼泽地
marshal,元帅+典礼官+执行官+司仪官+整顿+配置+汇集+排列+集合
marvelous,引起惊异的+不可思议的+非凡的
Marxist,马克思主义的+马克思主义者
masculine,男性的+男子气概的+[语法]阳性的+男子+男孩
mask,面具+掩饰+石膏面像+戴面具+掩饰+使模糊+化装+戴面具+掩饰+参加化装舞会
mass,块+大多数+质量+群众+大量+群众的+大规模的+集中的+使集合+聚集
massacre,残杀+大屠杀+残杀+集体屠杀
massive,厚重的+大块的+魁伟的+结实的
masterpiece,杰作+名著
mat,席子+垫子+铺席子
mate,配偶+对手+助手+使配对+使一致+结伴+成配偶+紧密配合
material,材料+原料+物资+素材+布料+物质的+肉体的+具体的+重要的+实质性的
mathematical,数学的+精确的
mathematics,数学+
mature,成熟的+到期的+充分考虑的+(票据等)到期的+使成熟+成熟+到期
maximum,最大量+最大限度+极大+最高的+最多的+最大极限的
mayor,市长
meadow,草地+牧场
meaning,意义+含意+意图+[逻]内涵+意味深长的
means,手段+方法+意味+想要
meantime,其间+其时+其间
meanwhile,(=meantime)其间+其时+其间
measure,尺寸+量度器+量度标准+方法+测量+措施+测量+测度+估量+分派+权衡+调节+量
measurement,测量法+度量+(量得的)尺寸+度量单位制
mechanic,技工+机修工+机械士
mechanical,机械的+机械制的+机械似的+呆板的
mechanism,机械装置+机构+机制
medal,奖章+勋章+纪念章+授予...奖章
media,媒体
mediate,仲裁+调停+作为引起...的媒介+居中调停
medieval,中世纪的+仿中世纪的+老式的+<贬>原始的
medium,媒体+方法+媒介+中间的+中等的+半生熟的
melody,悦耳的音调
melt,(使)融化+(使)熔化+使软化+使感动
membership,成员资格+成员人数
memorial,纪念物+纪念馆+纪念议事+请愿书+记念的+记忆的
memorize,[亦作memorise]记住+记忆
menace,威胁+危险物+恐吓+危及+威胁
mental,精神的+智力的
mention,提及+说起+提及+说起+论及+提及
menu,菜单
merchant,商人+批发商+贸易商+店主+商业的+商人的
mercury,水银+汞+[罗神]墨丘利神(众神的信使)
mercy,仁慈+宽恕+怜悯
mere,仅仅的+起码的+纯粹的
merely,仅仅+只+不过
merge,合并+并入+结合+吞没+融合
merit,优点+价值+有益于
merry,欢乐的+愉快的
mess,混乱+脏乱+弄乱
messenger,报信者+使者
metallic,金属(性)的
metric,米制的+公制的
metropolitan,首都的+主要都市的+大城市
microphone,扩音器+麦克风
microscope,显微镜
midst,中间+在...中间
migrant,候鸟+移居者
migrate,移动+移往+移植+随季节而移居+(鸟类的)迁徙+使移居+使移植
mild,温和的+温柔的+淡味的+轻微的+适度的+不含有害物质的的
militant,好战的+积极从事或支持使用武力的
military,军事的+军用的
mill,压榨机+磨坊+磨粉机+工厂+制造厂+碾磨+磨细+搅拌+使乱转+打+乱转+被碾磨
millimetre,毫米
millionaire,百万富翁+大富豪
mineral,矿物+矿石
mingle,(使)混合
miniature,缩小的模型+缩图+缩影+微型的+缩小的
minibus,中客车+小型公共汽车(我国俗称面包车+乘员10人左右)
minimal,最小的+最小限度的
minimize,将...减到最少+最小化
minimum,最小的+最低的+最小值+最小化
minister,部长+大臣
ministry,(政府的)部门
minor,未成年人+副修科目+较小的+次要的+二流的+未成年的+辅修+[乐]小调+小音阶
minority,少数+少数民族
minus,负的+减的+减去+负数
miracle,奇迹+奇事
miserable,痛苦的+悲惨的+可怜
misery,痛苦+苦恼+悲惨+不幸+穷困
misfortune,不幸+灾祸
mislead,误导
missile,导弹+发射物
missing,不见的+缺少的
mission,使命+任务+使团+代表团
missionary,传教的+传教士的+传教士
mist,薄雾
mistress,主妇+女主人+女能人+情妇
misunderstand,误解+误会
mixture,混合+混合物+混合剂
moan,呻吟+哀悼+呼啸+发出呻吟声+抱怨+哀悼+呻吟
mob,(集合词)暴徒+乌合之众+(盗贼等的)一群+成群暴动+聚众滋扰
mobile,可移动的+易变的+机动的+运动物体
mobilize,动员
mock,嘲笑+骗+挫败+嘲弄+假的+嘲弄+模仿+仿制品
moderate,中等的+适度的+适中的+缓和
modest,谦虚的+谦让的+适度的
modify,更改+修改+修改
module,模数+模块+登月舱+指令舱
moist,潮湿的+潮湿
moisture,潮湿+湿气
mold,模子+铸型+浇铸+塑造
molecule,[化]分子+些微
momentum,动力+要素
monetary,货币的+金钱的
monitor,班长+监听器+监视器+监控器+监控+监控
monopoly,垄断+垄断者+专利权+专利事业
monster,道德(上)的+精神的+道德
monument,纪念碑
mood,心情+情绪+语气+状态
moral,怪物+妖怪
morality,道德的+道德
moreover,而且+此外
mortal,凡人+人类+必死的+致命的+人类的+临终的+<口>极端的+非常大(长)的
mortgage,抵押+抵押
mosquito,蚊子
motel,汽车旅馆
motion,运动+动作+运动
motivate,激发
motive,动机+目的+发动的+运动的
motor,发动机+电动机
mould,[亦作mold]肥土+壤土+[亦作mold]霉+模具+用土覆盖+发霉+铸造
mount,乘用马+衬纸+山+装配+乘马+爬上+增长+爬上+使上马+装上+设置+安放+制作...的标本+上演
mourn,哀悼+忧伤+服丧
mud,泥+泥浆+泥泞+abbr.Multi-UserDungeons+多用户网络游戏+abbr.Multi-UserDomuins+多用户领域
muddy,多泥的+泥泞的
mug,杯子
multiple,多样的+多重的+倍数+若干+成倍增加
multiply,繁殖+乘+增加
multitude,多数+群众
municipal,市政的+市立的+地方性的+地方自治的
murder,谋杀+凶杀+谋杀+凶杀+谋杀
murmur,低沉连续的声音+咕哝+怨言+低语+发低沉连续的声音+发怨言+低声说+低语
muscle,肌肉+臂力+(可供食用的)瘦肉+[解]肌
muscular,肌肉的+强健的
museum,博物馆
mushroom,蘑菇+<古>暴发户+迅速生长+迅速增加+采蘑菇+蘑菇形的+迅速生长的
musician,音乐家
mute,哑巴+哑音字母+[律]拒不答辩的被告+弱音器+哑的+无声的+沉默的+减弱...的声音+排泄
mutter,咕哝+嘀咕+咕哝+嘀咕
mutual,相互的+共有的
mysterious,神秘的
mystery,神秘+神秘的事物
myth,神话+神话式的人物(或事物)+虚构的故事+荒诞的说法
naive,天真的
naked,裸体的+无遮盖的+无装饰的+无保护的+[律]无证据的+未证实的
namely,即+也就是
napkin,餐巾+餐巾纸+<英>尿布+<美>月经带
narrative,叙述性的+叙述
nasty,污秽的+肮脏的+令人厌恶的+淫秽的+下流的+凶相的+威胁的
nationality,国籍+国家+部落+民族+民族性
naturally,自然地
nature,自然+自然界+大自然+自然状态+本性+天性+种类
naval,海军的
navigation,航海+航空+导航+领航+航行
navy,海军
nearby,附近的+邻近的+在附近
necessarily,必要地
necessitate,成为必要
necessity,必要性+需要+必需品
negative,否定+负数+底片+否定的+消极的+负的+阴性的+否定+拒绝(接受)
neglect,忽视+疏忽+漏做+忽视+疏忽+漏做
negligible,可以忽略的+不予重视的
negotiate,(与某人)商议+谈判+磋商++买卖+让渡(支票、债券等)+通过+越过
Negro,黑人
neighbourhood,邻居关系(美作：neighborhood)
nephew,侄子+外甥
nerve,神经+胆量+勇气+叶脉+鼓起勇气
nest,巢+窝+休息所+隐匿处+舒适的地方+(可以一个套一个的)一套器具+筑巢+找鸟巢+造巢+使套入
network,网络+网状物+广播网
neutral,中立者+中立国+非彩色+齿轮的空档+中立的+中立国的+中性的+无确定性质的+(颜色等)不确定的
nevertheless,conj.然而+不过+仍然+不过
nickel,[化]镍+镍币+(美国和加拿大的)五分镍币+镀镍于
nickname,诨号+绰号+昵称+给...取绰号+给...起浑名
niece,侄女+甥女
nightmare,梦魇+恶梦+可怕的事物
nil,零
nitrogen,[化]氮
nominal,名义上的+有名无实的+名字的+[语]名词性的+名词性词
nominate,提名+推荐+任命+命名
nonetheless,虽然如此+但是
nonsense,胡说+废话
norm,标准+规范
normal,正规+常态+[数学]法线+正常的+正规的+标准的
normally,正常地+通常地
notable,值得注意的+显著的+著名的
notation,符号
notebook,笔记簿+笔记本
noticeable,显而易见的+值得注意的
notify,通报
notion,概念+观念+想法+意见+打算+主张+(复数)<美语>小饰物
notorious,声名狼籍的
notwithstanding,虽然+尽管+尽管+还是+conj.虽然+尽管
nourish,滋养+使健壮+怀有(希望+仇恨等)
novelty,新颖+新奇+新鲜+新奇的事物
nowhere,无处+到处都无
nuclear,[核]核子的+原子能的+核的+中心的
nucleus,[nuclear的复数+见nuclear]+核子
nuisance,讨厌的人或东西+麻烦事+损害
numerical,数字的+用数表示的+数字的+用数字表示的
numerous,众多的+许多的+无数的
nursery,托儿所
nurture,养育+教育+教养+营养品+养育+给与营养物+教养
nutrition,营养+营养学
nylon,尼龙
oak,[植]橡树+橡木+橡木制的
oath,誓言+宣誓+诅咒
obedient,服从的+孝顺的
obey,服从+顺从
object,物体+目标+宾语+对象+反对+拒绝+抗议+提出...来反对
objection,异议+缺陷+妨碍+拒绝之理由
objective,目标+目的+(显微镜的)(接)物镜+[语法]宾格+客观的+[语法]宾格的
obligation,义务+职责+债务
oblige,迫使+责成
obscene,淫秽的+猥亵的
obscure,暗的+朦胧的+模糊的+晦涩的+使暗+使不明显
observation,观察+观测+观察资料(或报告)
observe,观察+观测+遵守+评述+说
observer,观测者+观察员+遵守者
obstacle,障碍+妨害物
obtain,获得+得到
obvious,明显的+显而易见的
occasion,场合+时机+机会
occasional,偶然的+非经常的+特殊场合的+临时的
occupation,职业+占有+占有(房屋等)期间
occupy,占+占用+占领+占据
occur,发生+出现
occurrence,发生+出现+事件+发生的事情
odd,奇数的+单数的+单只的+不成对的+临时的+不固定的+带零头的+余的
odor,气味+名声
offend,犯罪+冒犯+违反+得罪+使...不愉快
offense,进攻
offensive,讨厌的+无礼的+攻击性的+进攻+攻势
official,官员+公务员+职务上的+公务的+官方的+正式的
offset,偏移量+抵销+弥补+分支+平版印刷+胶印+弥补+抵销+用平版印刷+偏移+形成分支
offspring,(单复数同形)儿女+子孙+后代+产物
olive,橄榄树+橄榄叶+橄榄枝+橄榄色
omit,省略+疏忽+遗漏
onion,洋葱+加洋葱于+因洋葱掉泪
opaque,不透明物+不透明的+不传热的+迟钝的
opening,开+开放+开始+口子+穴+通路+空缺+机会+开始的+开幕的
opera,歌剧
operational,操作的+运作的
operator,操作员+工作者+(电话)接线员+报务员+手术员+行家+经营者+算子
opponent,对立的+对抗的+对手+反对者
opportunity,机会+时机
oppose,反对+使对立+使对抗+抗争+反对
oppress,压迫+压抑
optical,眼的+视力的+光学的
optimism,乐观+乐观主义
optimistic,乐观的
optimum,最适宜+最适宜的
option,选项+选择权+[经]买卖的特权
optional,可选择的+随意的
oral,口头的
orbit,轨道+势力范围+生活常规+眼眶+绕...轨道而行+进入轨道+沿轨道飞行+盘旋
orchestra,管弦乐队+乐队演奏处
orderly,有秩序的+整齐的+整洁的+传令兵+勤务兵+依次地+顺序地
ore,矿石+含有金属的岩石
organ,[机]元件+机构+机关+机关报+[乐]风琴+管风琴+嗓音+[生物]器官
organic,器官的+有机的+组织的+建制的
organism,组织+使有机化+给予生机+组织起来
organization,组织+机构+团体
organize,生物体+有机体
orient,东方+东方诸国(地中海以东各国)+东方的+上升的+灿烂的+适应形势+向东+使朝东+使适应+确定方向
oriental,东方人(尤指中国人和日本人)+东方诸国的+亚洲的+东方的+(珍珠等)最优质的
orientation,方向+方位+定位+倾向性+向东方
origin,起源+由来+起因+出身+血统+[数]原点
original,最初的+原始的+独创的+新颖的+原物+原作
originate,引起+发明+发起+创办+起源+发生
ornament,装饰物+教堂用品+装饰+修饰
orthodox,正统的+传统的+习惯的+保守的+东正教的
ounce,盎司+少量+[动]雪豹
outbreak,(战争的)爆发+(疾病的)发作
outcome,结果+成果
outer,外部的+外面的+远离中心的+(射击)环外命中
outfit,用具+配备+机构+全套装配++配备+装备+得到装备
outlet,出口+出路
outline,大纲+轮廓+略图+外形+要点+概要+描画轮廓+略述
outlook,景色+风光+观点+见解+展望+前景
output,产量+输出+输出量
outrage,暴行+侮辱+愤怒+凌辱+引起...义愤+强奸
outset,开端+开始
outside,外面+外表+外界+外面的+外表的+外界的+在外面+外表+出界+在...外
outstanding,突出的+显著的
outward,外面的+外表的+公开的+向外的+外出的+向外+在外+表面上外表+周围世界
oval,卵形的+椭圆的+卵形+椭圆形
oven,烤箱+烤炉+灶
overall,全部的+全面的
overcome,战胜+克服+胜过+征服+得胜
overflow,溢出+超值+泛滥+充满+洋溢+(使)泛滥+(使)溢出+(使)充溢
overhead,在头上的+高架的+企业一般管理费用+天花板在头顶上+在空中+在高处
overhear,无意中听到+偷听
overlook,俯瞰+耸出+远眺+没注意到+眺望+俯瞰中的景色
overnight,头天晚上+通宵的+晚上的+前夜的+在前一夜+整夜+昨晚一晚上
overpass,<美>天桥+陆桥+胜过+通过+忽视
overseas,海外+外国的+海外的
overt,明显的+公然的
overtake,赶上+追上+(暴风雨、麻烦等)突然来袭+压倒
overthrow,推翻+打倒+扔得过远得球+打倒+推翻+颠覆
overturn,倾覆+破灭+革命+推翻+颠倒+翻倒+翻转+毁灭
overwhelm,淹没+覆没+受打击+制服+压倒
overwhelming,压倒性的+无法抵抗的
owe,欠(债等)+受到...的思想+感激+把...归功于+欠+应感激+应该把…归功于(to)+欠钱
owing,(～to)由于+该付的+未付的+应归功于
owl,[动]猫头鹰+枭+惯于晚上活动的人+ObjectWindowLibrary+BorlandC++的类库
owner,所有者+业主
ownership,所有权+物主身份
oxide,[化]氧化物
oxygen,[化]氧
ozone,新鲜的空气+[化]臭氧
pace,(一)步+速度+步调+步法+步态+踱步+缓慢的走+用步测+踱步于+(马)溜花蹄
pack,包裹+<贬>一群+一副+背包+包装+包装+捆扎+塞满+压紧+挑选+包装货物+挤+群集+被包装+背包
package,包裹+包
packet,小包裹+小捆+包装+信息包
pact,合同+公约+协定
pad,垫+衬垫+便笺簿+加上衬垫
painful,疼痛的+使痛苦的
painter,画家+油漆匠
palm,手掌+棕榈+(象征胜利的)棕榈叶+与...握手+藏...于掌中+蒙混
pamphlet,小册子
panel,面板+嵌板+仪表板+座谈小组+全体陪审员+嵌镶板
panic,惊慌+恐慌+没有理由的
pants,裤子+短裤
paperback,平装本+纸面本
parade,游行+炫耀+阅兵+检阅+阅兵场+游行+炫耀+夸耀+(使)列队行进
paradise,天堂
paradox,似非而是的论点+自相矛盾的话
paragraph,(文章)段+节+段落
parallel,平行的+相同的+类似的+并联的+平行线+平行面+类似+相似物+相应+平行
paralyze,使瘫痪+使麻痹
parameter,参数+参量+<口>起限定作用的因素
parasite,寄生虫+食客
parcel,小包+包裹+打包+捆扎
parliament,国会+议会
partial,部分的+局部的+偏袒的+偏爱的+泛音
participant,参与者+共享者+参与的
participate,参与+参加+分享+分担
particle,粒子+点+极小量+微粒+质点+小品词+语气
particularly,独特地+显著地
partition,分割+划分+瓜分+分开+隔离物+区分+隔开+分割
partner,合伙人+股东+舞伴+伴侣+与...合伙+组成一对+做伙伴+当助手
passion,激情+热情
passive,被动的
passport,护照
paste,糊+面团+黏土团+用浆糊粘+张贴+粘贴
pastime,消遣+娱乐
pastry,面粉糕饼+馅饼皮
pasture,牧地+草原+牧场+放牧+牧(牛、羊)等+吃草
pat,轻拍+(黄油)小块+轻拍+适时+正好+恰好+恰好的+合适的+人为的
patch,片+补缀+碎片+斑纹+斑点+小块地+眼罩+傻瓜+修补+补缀+掩饰+平息
patent,专利权+执照+专利品+特许的+专利的+显著的+明白的+新奇的+取得...的专利权+请准专利
pathetic,可怜的+悲惨的
patience,耐性+忍耐
patient,病人+患者+忍耐的+耐心的
patriot,爱国者
patriotic,爱国的+有爱国心的
patrol,出巡+巡逻+巡逻
patron,(对某人+某种目标+艺术等)赞助人+资助人
pattern,模范+式样+模式+样品+格调+图案+模仿+仿造+以图案装饰+形成图案
pave,铺
paw,手掌+手爪+以蹄扒地+抓+笨拙地使用+费力地前进+(人)用手笨拙地摸+abbr.[军]Plasma-ArcWelding+等离子弧焊
payment,付款+支付+报酬+偿还+报应+惩罚
pea,豌豆
peak,山顶+顶点+帽舌+(记录的)最高峰+最高的+到达最高点+消瘦+缩小+使竖起+使达到最高点
pearl,珍珠
peculiar,奇特的+罕见的+特殊的+特有财产+特权
pedal,踏板+踩...的踏板
pedestrian,步行者+徒步的+呆板的+通俗的
peel,剥+削+剥落
peer,同等的人+贵族+凝视+窥视+与...同等+封为贵族
peg,钉+栓+桩+销子+借口+钉木钉+固定+限制+坚持不懈地工作
penalty,处罚+罚款
pendulum,钟摆+摇锤
penetrate,穿透+渗透+看穿+洞察+刺入+看穿+渗透+弥漫
penguin,企鹅
peninsula,半岛
pension,养老金+退休金
pepper,胡椒粉
per,每+每一+由+经
perceive,察觉+感知+感到+认识到
percentage,百分数+百分率+百分比
perception,理解+感知+感觉+DPS公司出的数字影像压缩卡
perfection,尽善尽美+完美+完成
perform,履行+执行+表演+演出+完成任务
performance,履行+执行+成绩+性能+表演+演奏
perfume,香味+芳香+香水+使发香+洒香水于+发香味
periodic,周期的+定期的
periodical,周期的+定期的+期刊+杂志
perish,毁灭+死亡+腐烂+枯萎+毁坏+使麻木
permanent,永久的+持久的
permeate,弥漫+渗透+透过+充满+透入
permissible,可允许的
permission,许可+允许
perpetual,永久的
perplex,困惑
persist,坚持+持续
persistent,持久稳固的
personality,个性+人格+人物+名人+(用复数)诽谤、人身攻击
personnel,人员+职员
perspective,透视画法+透视图+远景+前途+观点+看法+观点+观察
persuasion,说服+说服力
pessimistic,悲观的+厌世的
pest,有害物
petition,请愿+情愿书+诉状+陈情书+请求+恳求+请愿
petrol,<英>汽油（=<美>gasoline）
petroleum,石油
petty,小的+不重要的+小规模的+小型的+细微的+小器的+卑鄙的
phase,阶段+状态+相+相位+定相
phenomenon,现象
philosopher,哲学家+哲人
philosophy,哲学+哲学体系+达观+冷静
physical,身体的+物质的+自然的+物理的+体格检查
physician,医师+内科医师
physicist,物理学者+唯物论者
physiological,生理学的+生理学上的
pierce,刺穿+刺破+穿透+突破+深深感动
pigeon,鸽子
pilgrim,圣地朝拜者+朝圣
pill,药丸+口服避孕药+弹丸
pillar,[建]柱子+栋梁+重要的支持者
pillow,枕头+枕垫
pilot,飞行员+领航员+引水员+驾驶(飞机等)+领航+引水+驾驶
pinch,捏+撮+收缩+紧急关头+匮乏+压力+掐+夹痛+修剪+勒索+使感缺乏+使萎缩+偷+收缩+节省
pine,松树+树木+消瘦+憔悴+渴望+渴慕
pint,品脱
pirate,海盗+盗印者+盗版者+侵犯专利权者+盗印+盗版+掠夺+翻印+做海盗
pistol,手枪
pit,深坑+深渊+陷阱+(物体或人体表面)凹陷+(英国剧场的)正厅后排+正厅后排观众+窖藏+使凹下+去...之核+使留疤痕+使竞争+起凹点+凹陷
pitch,程度+斜度+树脂+投掷+定调+船前后颠簸+沥青+投+掷+向前倾+定位于+用沥青涂+扎营+搭篷+投掷+坠落+倾斜
plague,瘟疫+麻烦+苦恼+灾祸+折磨+使苦恼+使得灾祸
planet,[天]行星
plantation,耕地+种植园+大农场+森林+人造林+殖民
plaster,石膏+灰泥+膏药+橡皮膏+涂以灰泥+敷以膏药+减轻+粘贴+重创
plastic,塑胶+可塑体+塑料制品+整形+塑胶的+塑造的+有可塑性的+造形的+(外科)整形的
plateau,高地+高原(上升后的)稳定水平(或时期、状态)
platform,(车站)月台+讲台+讲坛+平台
plausible,似是而非的
plea,恳求+请求+辩解+藉口
pled,vbl.plead的过去式及过去分词
pledge,保证+誓言+抵押+抵押品+保证+使发誓+抵押+典当+举杯祝...健康
plentiful,许多的+大量的+丰富的+丰饶的
plot,小块土地+地区图+图+秘密计划(特指阴谋)+(小说的)情节.结构+划分+绘图+密谋+密谋+策划
plug,堵+塞+插上+插栓+塞子+插头+插销
plunge,跳进+投入+投入+跳进+陷入+使投入+使插入+使陷入
plural,复数的
plus,加上+正的+加的
poem,诗+象诗一样+美丽的东西
poet,诗人
poetry,诗+作诗法+诗意+诗情
poison,毒药+败坏道德之事+毒害+毒害+败坏+使中毒+放毒+下毒
poisonous,有毒的
poke,刺+戳+懒汉+袋子+戳+捅+拨开+刺+戳+刺+捅+伸出+刺探+闲荡
polar,[天]两极的+极地的+南辕北辙的+南极的+(北极星似的)指引的+极性的+北极的+极线+极面
pole,棒+柱+杆+竿+极+磁极+电极+用竿支撑+用棒推+撑篙
policy,政策+方针
polish,磨光+光泽+上光剂+优雅+精良+擦亮+发亮+磨光+推敲+发亮+变光滑+波兰的+波兰人
politician,政治家+政客
politics,政治+政治学+政纲+政见
poll,选举之投票+民意测验+投票+获得选票+选举中获得
pollute,弄脏+污染
pollution,污染+玷污
pond,池塘+筑成池塘
ponder,沉思+考虑
pope,罗马教皇+主教+蒲柏(1688-1744+英国诗人)+大腿上要害部位+打大腿上要害部位
porch,门廊+走廊
pore,毛孔+小孔+气孔+熟读+凝视+细想+沉思+因凝视过度使...疲劳
portable,轻便的+手提(式)的+便携式的
porter,守门人+门房+行李搬运工
portion,一部分+一分
portrait,肖像+人像
portray,描绘
pose,姿势+姿态+(使...)摆好姿势+形成+引起+造成+摆姿势+佯装+矫揉造作
positive,肯定的+实际的+积极的+绝对的+确实的+[数]正的+[电]阳的+[语法]原级的
possess,占有+拥有+持有+摆布+支配
possession,拥有+占有+所有+着迷+领土+领地+财产(常用复数)+自制
possibility,可能性+可能发生的事物
postage,邮资
postpone,推迟+使延期+延迟
posture,(身体的)姿势+体态+状态+情况+心境+态度+令取某种姿势+摆姿势+作出姿态
potential,潜在的+可能的+势的+位的+潜能+潜力+电压
pour,灌注+倾泻+涌入+流+倾盆大雨
poverty,贫穷+贫困+贫乏+缺少
powder,粉+粉末+火药+尘土+搽粉于+撒粉+使成粉末+搽粉+变成粉末
powerful,强大的+有力的
practicable,能实行的+行得通的+可以实行的
practically,实际上+事实上+在实践上+几乎+简直
pray,祈祷+恳求+请
prayer,祈祷
preach,鼓吹
precaution,预防+警惕+防范
precede,领先(于)+在...之前+先于
precedent,先例
preceding,在前的+前述的
precious,宝贵的+贵重的+珍爱的+过于精致的+珍爱的
precise,精确的+准确的+精确
precision,精确+精密度+精度
preclude,排除
predecessor,前辈+前任+(被取代的)原有事物
predict,预知+预言+预报
predominant,卓越的+支配的+主要的+突出的+有影响的
preface,序文+绪言+前言+作序+写前言+为...写序言+开始
preferable,更可取的+更好的+更优越的
preference,偏爱+优先选择
pregnant,怀孕的+重要的+富有意义的+孕育的
prejudice,偏见+成见+损害+侵害+损害
preliminary,预备的+初步的
premature,未成熟的+太早的+早熟的
premier,第一的+首要的+总理
premise,[逻][法]前提+(企业+机构等使用的)房屋连地基+提论+预述+假定+作出前提
premium,额外费用+奖金+奖赏+保险费+(货币兑现的)贴水
preparation,准备+预备
preposition,前置词
prescribe,指示+规定+处(方)+开(药)
prescription,指示+规定+命令+处方+药方
presence,出席+到场+存在
presentation,介绍+陈述+赠送+表达
presently,目前+不久
preserve,保护+保持+保存+保藏+做蜜饯+禁猎+蜜饯+果酱+禁猎地+禁区+防护物
preside,主持
pressure,压+压力+电压+压迫+强制+紧迫
prestige,声望+威望+威信
presumably,推测起来+大概
presume,假定+假设+认为
pretend,假装+装扮+(作为藉口或理由)伪称
pretext,借口+托辞+借口
prevail,流行+盛行+获胜+成功
prevalent,普遍的+流行的
preview,在前的+早先的+在...以前+返回上一级菜单
previous,事先查看+[计]预览+事先查看+预展+预演
prey,被掠食者+牺牲者+掠食+捕食+掠夺+折磨
priest,牧师
primarily,首先+起初+主要地+根本上
primary,第一位的+主要的+初步的+初级的+原来的+根源的
prime,最初+青春+精华+主要的+最初的+有青春活力的+最好的+第一流的+根本的+[数]素数的+预先准备好+<口>让人吃(喝)足+灌注+填装
primitive,原始的+远古的+粗糙的+简单的
principal,负责人+首长+校长+主犯+本金+主要的+首要的
principle,法则+原则+原理
prior,优先的+在前的+预先+在
priority,先+前+优先+优先权
privacy,独处而不受干扰+秘密
private,私人的+私有的+私营的+秘密的+士兵
privilege,特权+特别待遇+基本公民权力+特免+给与...特权+特免
probability,可能性+或然性+概率
probable,很可能的+大概的
probe,探针+探测器+(以探针等)探查+查明
procedure,程序+手续
proceed,进行+继续下去+发生
proceeding,行动+进行+会议录+学报
process,过程+作用+方法+程序+步骤+进行+推移+加工+处理
procession,行列+队伍
proclaim,宣布+声明+显示+显露
product,产品+产物+乘积
productive,生产性的+生产的+能产的+多产的
productivity,生产力
profess,表示
profession,职业+专业+表白+宣布
professional,自由职业者+专业人员+职业运动员+职业艺人+专业的+职业的
proficiency,熟练+精通+熟练程度
profile,剖面+侧面+外形+轮廓
profit,利润+益处+得益+得益+利用+有益于+有利于
profitable,有利可图的
profound,深刻的+意义深远的+渊博的+造诣深的
progressive,改革论者+进步论者+前进的+(税收)累进的+进步的
prohibit,禁止+阻止
project,计划+方案+事业+企业+工程+设计+计划+投射+放映+射出+发射(导弹等)+凸出
prolong,延长+拖延
prominent,卓越的+显著的+突出的
promising,有希望的+有前途的
promote,促进+发扬+提升+提拔+晋升为
prompt,提示+付款期限+提示+鼓动+促使+(给演员)提白+敏捷的+迅速的+即时的+准时地+DOS命令:改变DOS系统提示符的风格
prone,倾向于
pronoun,代名词
proof,证据+试验+考验+[印刷]校样+不能透入的+证明用的+防...的+有耐力的+检验+校对+使不被穿透
propaganda,宣传+[天主教]传道总会
propagate,繁殖+传播+宣传
propel,推进+驱使
property,财产+所有物+所有权+性质+特性+(小)道具
prophet,先知+预言者+提倡者
proportion,比例+均衡+面积+部分+使成比例+使均衡+分摊
proportional,比例的+成比例的+相称的+均衡的
proposal,提议+建议
propose,计划+建议+向...提议+求(婚)+打算+求婚
proposition,主张+建议+陈述+命题
prose,散文
prosecute,实行+从事+告发+起诉+告发+起诉+作检察官
prospect,景色+前景+前途+期望+寻找+勘探
prospective,预期的
prosperity,繁荣
prosperous,繁荣的
protection,保护
protective,给予保护的+保护的
protein,[生化]蛋白质+蛋白质的
protest,主张+断言+抗议+主张+断言抗议+拒付
prototype,原型
prove,证明+证实+检验+考验+原来(是)+证明(是)
provide,供应+供给+准备+预防+规定
provided,conj.倘若
province,省(一个国家的大行政区)
provision,供应+(一批)供应品+预备+防备+规定
provocative,煽动的+刺激物
provoke,激怒+挑拨+煽动+惹起+驱使
proximity,接近+亲近
prune,剪除
psychiatrist,精神病医师+精神病学家
psychological,心理(上)的
publication,出版物+出版+发行+公布+发表
publicity,公开
publish,出版+刊印+公布+发表
pudding,布丁(一种以面粉+牛奶+鸡蛋等为基料的糊壮甜食)
pulse,脉搏+脉冲
pump,泵+抽水机+(用泵)抽(水)+抽吸
pumpkin,南瓜
punch,冲压机+冲床+打孔机+冲孔+打孔
punctual,严守时刻的+准时的
purchase,买+购买+买+购买
purify,使纯净+净化
purity,纯净+纯洁+纯度
purple,紫色的+紫色
purse,钱包
pursue,追赶+追踪+追击+继续+从事
pursuit,追击
puzzle,难题+谜+(使)迷惑+(使)为难+迷惑不解
qualification,资格+条件+限制+限定+赋予资格
qualify,(使)具有资格+证明合格+限制修饰+限制+限定
qualitative,性质上的+定性的
quantify,确定数量+量化
quantitative,数量的+定量的
quart,夸脱(容量单位)
quarterly,季刊+一年四次的+每季的+每季地
quartz,石英
queer,同性恋者+奇怪的+可疑的+不舒服的+搞糟+
quench,结束+熄灭+淬火+熄灭+平息
quest,寻求
questionnaire,调查表+问卷
queue,行列+长队+队列+排队+排队等待
quit,离开+辞职+停止+离开+放弃+解除+停止
quiver,震动+颤抖+箭袋+箭袋中的箭+颤抖+振动+射中+使颤动+敏捷的
quiz,测验+提问+恶作剧+对...进行测验+盘问+挖苦
quota,配额+限额
quotation,引用语+价格+报价单+行情表
quote,引用+引证+提供+提出+报(价)
racial,人种的+种族的+种族间的
rack,架+行李架+拷问台+小步跑+烧酒+破坏+放在架上+在架上制作+折磨+加以拷问+使痛苦+榨取+在饲草架装满干草+变形+(云)随风飘+(马)小步跑
racket,球拍+喧闹纷乱+过着花天酒地的生活
radar,雷达+电波探测器
radiant,发光的+辐射的+容光焕发的
radiate,放射+辐射+传播+广播+发光+辐射+流露+有射线的+辐射状的
radiation,发散+发光+发热+辐射+放射+放射线+放射物
radical,根本的+基本的+激进的+激进分子
radioactive,放射性的+有辐射能的
radius,半径+范围+辐射光线+有效航程+范围+界限
rag,抹布+碎屑+石板瓦+破旧衣服+少量+揶揄+戏弄+欺负+喧闹
rage,愤怒+情绪激动+狂暴+精神错乱+大怒+狂吹+风行
raid,袭击+搜捕+奇袭+搜捕
rail,横杆+围栏+扶手+铁轨+以横木围栏+铺铁轨+责骂+抱怨
railroad,铁路+<美>由铁道运输
railway,[英]铁道+铁路
rainbow,彩虹+五彩缤纷的排列+幻想+幻觉+虚无缥缈的东西+五彩缤纷的
rally,重整旗鼓+给予新力量+(使)恢复健康+力量+决心+集结+集会
random,随意+任意+任意的+随便的+胡乱的+胡乱地
range,山脉+行列+范围+射程+排列+归类于+使并列+放牧+平行+延伸+漫游
rank,等级+横列+阶级+繁茂的+恶臭的+讨厌的+下流的+排列+归类于+把...分等+列为+列队+[数]秩
rap,叩击+轻拍+轻敲+斥责+敲+拍+厉声说出+斥责+使着迷+敲击+交谈+abbr.[军]RocketAssistedProjectile+火箭助推炮弹
rape,掠夺+强奸+葡萄渣+油菜+掠夺+强奸
rare,稀罕的+杰出的+珍贵的+(肉类)半熟的+非常
rarely,很少地+罕有地
rash,轻率的+匆忙的+卤莽的+[医]皮疹
rat,老鼠
rate,比率+速度+等级+价格+费用+估价+认为+鉴定等级+责骂+被评价+责骂
rating,等级级别(尤指军阶)+额定+责骂+申斥
ratio,比+比率+[财政]复本位制中金银的法定比价
rational,理性的+合理的+推理的+[数]有理数
raw,生肉+擦伤处+身上的痛处+未加工的+生疏的+处于自然状态的+不掺水的+擦掉皮的+阴冷的+刺痛的+擦伤
react,起反应+起作用+反抗+起反作用
reaction,反应+反作用+反动(力)
readily,乐意地+欣然+容易地
realistic,现实(主义)的
reality,真实+事实+本体+逼真
realm,领域
reap,收割+收获
rear,后面+背后+后方+屁股+后面的+背面的+后方的+培养+饲养+举起+树立+栽种+高耸+暴跳+用后腿站起
reasonable,合理的+有道理的+通情达理的+讲道理的
reassure,使...安心+再保证+使...恢复信心+打消...的疑虑
rebel,造反者+叛逆者+反抗者+叛乱者+造反的+叛逆的+反抗的+造反+反叛+反抗+叛乱
rebellion,谋反+叛乱+反抗+不服从
recall,回忆+回想+记起+取消+召回
recede,后退
receipt,收条+收据+收到+收到
receiver,接受者+接收器+收信机
recently,最近
reception,接待+招待会+接收
recession,撤回+退回+退后+工商业之衰退+不景气
recipe,处方
recipient,容易接受的+感受性强的+容纳者+容器
reciprocal,互惠的+相应的+倒数的+彼此相反的+倒数+互相起作用的事物
recite,背诵+朗读+叙述+[律]书面陈述(事实)
reckless,不计后果的
reckon,计算+总计+估计+猜想+数+计算+估计+依赖+料想
reclaim,要求归还+收回+开垦
recognition,赞誉+承认+重视+公认+赏识+识别
recognize,认可+承认+公认+赏识+具结
recommend,推荐+介绍+劝告+使受欢迎+托付+使...受欢迎+使...可取
recommendation,推荐+介绍(信)+劝告+建议
reconcile,使和解+使和谐+使顺从
reconciliation,和解+调和+顺从
recorder,记录员+录音[像]机+[计]宏录制器+记录器
recover,重新获得+恢复+使改过+痊愈+复原+胜诉+DOS命令:从含有损坏磁盘扇区的磁盘上恢复文件
recovery,恢复+痊愈+防御
recreation,消遣+娱乐
recruit,新兵+新分子+新会员+使恢复+补充+征募+征募新兵+复原
rectangular,矩形的+成直角的
rectify,矫正+调整+[化]精馏
recur,复发+重现+再来
recycle,使再循环+反复应用+再循环+再生+重复利用
reduction,减少+缩影+变形+缩减量+约简
redundant,多余的
reel,(棉纱+电线的)卷轴+(磁带等的)一盘+旋转+蹒跚+卷...于轴上+使旋转+蹒跚地走+旋转+眩晕+骚乱+退缩+摇晃
referee,仲裁人+调解人+[体]裁判员+仲裁+裁判
reference,提及+涉及+参考+参考书目+证明书(人)+介绍信(人)
refine,精炼+精制+使文雅高尚
reflect,反射+反映+表现+反省+细想
reflection,反射+映象+倒影+反省+沉思+反映
reflexion,<主英>（=reflection）反射+反射光
reform,改革+改善+改良运动+感化+改革+革新+重新组成+革新+改过+重组
refrain,重复+叠句+[乐]副歌+节制+避免+制止
refresh,(使)精神振作+(使)精力恢复+更新
refreshment,点心+饮料+精力恢复+爽快
refrigerator,电冰箱+冷藏库
refuge,庇护+避难+避难所
refugee,难民+流亡者
refund,退还+偿还+归还+偿还额+退款
refusal,拒绝+推却+优先取舍权+优先取舍的机会
refute,驳倒+反驳
regarding,关于
regardless,不管+不顾+不注意
regime,政体+政权+政权制度
region,区域+地方+(世界上某个特定的)地区+(艺术+科学等的)领域+(大气+海水等的)层
register,记录+登记簿+登记+注册+寄存器+记录+登记+注册+提示+把...挂号+登记+注册+挂号
regulate,管制+控制+调节+校准
regulation,规则+规章+调节+校准
rehearsal,排演+演习+预演+试演
reign,统治+支配+盛行+占优势+统治+统治时期+支配
rein,缰绳+统治+支配+以缰绳控制+统治+驾驭+勒住马+止住
reinforce,加强+增援+补充+增加...的数量+修补+加固+求援+得到增援+加固物
reject,被拒之人+被弃之物+不合格品+落选者+不及格者+拒绝+抵制+否决+呕出+驳回+丢弃
rejoice,(使)欣喜+(使)高兴+喜悦
relate,叙述+讲+使联系+发生关系
relationship,关系+关联
relative,亲戚+关系词+相关物+亲缘植物+有关系的+相对的+比较而言的
relativity,相对性+相关性+[物]相对论
relax,放松+休息+休养+变从容+使松驰+缓和+使松懈+使休息
relay,驿马+接替+[电工]继电器+(消息+货物等)分程传递+使接替+转播+得到接替+转播
release,释放+让渡+豁免+发行的书+释放证书+释放+解放+放弃+让与+免除+发表+版本+发布
relevant,有关的+相应的
reliable,可靠的+可信赖的
reliance,信任+信心+依靠+依靠的人或物
relief,(痛苦等的)减轻+(债务等的)免除+救济+调剂+安慰+浮雕+地貌
relieve,减轻+解除+援救+救济+换班
religion,宗教+信仰
religious,信奉宗教的+虔诚的+宗教上的+修道的+严谨的+僧侣+尼姑+修道士
relish,意味
reluctant,不顾的+勉强的+难得到的+难处理的
rely,依赖+依靠+信赖+信任+依赖于
remain,保持+逗留+剩余+残存
remainder,残余+剩余物+其他的人+[数]余数+廉价出售+剩余的+出售剩书的
remark,备注+评论+注意+注释+评论+注意+谈及+谈论
remarkable,不平常的+非凡的+值得注意的+显著的
remedy,药物+治疗法+补救+赔偿+治疗+补救+矫正+修缮+修补
remind,提醒+使想起
remnant,残余+剩余+零料+残迹+剩余的+残留的
remote,遥远的+偏僻的+细微的
removal,移动+免职+切除
renaissance,复兴+复活+新生+文艺复兴+文艺复兴时期
render,呈递+归还+着色+汇报+致使+放弃+表演+实施+给予补偿+交纳+粉刷+打底
renew,使更新+使恢复+重申+补充+续借+复兴+更新+重新开始
rent,租+租借+出租+租金
repay,偿还+报答+报复
repeatedly,重复地+再三地
repel,击退+抵制+使厌恶+使不愉快
repertoire,(准备好演出的)节目+保留剧目+(计算机的)指令表+指令系统+<美>(某个人的)全部技能
repetition,重复+循环+复制品+副本
replace,取代+替换+代替+把...放回原处
replacement,归还+复位+交换+代替者+补充兵员+置换+移位
reporter,记者+通讯员
represent,表现+描绘+声称+象征+扮演+回忆+再赠送+再上演+提出异议
representative,代表+典型的+有代表性的
repression,镇压+抑制+抑压
reproach,责备
reproduce,繁殖+再生+复制+使...在脑海中重现
republican,共和国的+共和政体的+共和主义的+有关共和的+共和党人
reputation,名誉+名声
require,需要+要求+命令
requirement,需求+要求+必要条件+需要的东西+要求必备的条件
rescue,援救+营救+援救+营救
resemblance,类同之处
resemble,象+类似
resent,愤恨+怨恨
reservation,保留+(旅馆房间等)预定+预约
reserve,储备(物)+储藏量+预备队+储备+保存+保留+预定+预约
reservior,贮水池+贮藏处+贮备
reside,居住
residence,居住+住处
resident,居民+居住的+常驻的
residential,住宅的+与居住有关的
resign,辞去(职务)+辞去+辞职
resist,抵抗+反抗+抗+忍得住
resistance,反抗+抵抗+抵抗力+阻力+电阻+阻抗
resistant,抵抗的+有抵抗力的
resolution,坚定+决心+决定+决议
resolve,决心+决心+决定+决心要+(使)分解+溶解+解决+解决
resort,求助+诉诸+采取(某种手段等)+常去+凭借+手段+常去之地+胜地
resource,资源+财力+办法+智谋
respect,尊敬+敬重+注意+考虑+尊重+关系+有关+敬意+尊敬+尊重+不防碍
respective,分别的+各自的
respectively,分别地+各个地
respond,回答+响应+作出反应+有反应
response,回答+响应+反应
responsibility,责任+职责
responsible,有责任的+可靠的+可依赖的+负责的
restless,得不到休息的+不平静的+不安宁的
restore,恢复+使回复+归还+交还+修复+重建
restrain,抑制+制止
restraint,抑制+制止+克制
restrict,限制+约束+限定
result,结果+成效+计算结果+起因+由于+以...为结果+导致
resultant,作为结果而发生的+合成的
resume,摘要+概略+<美>履历+再继续+重新开始+重新占用+再用+恢复
retain,保持+保留
retention,保持力
retire,退休+引退+退却+撤退+就寝
retort,反驳+反击+回报+曲颈甑+曲颈瓶+蒸器
retreat,撤退+退却+撤退+退却
retrieve,重新得到+找回
retrospect,回顾
reunion,团圆+重聚
reveal,展现+显示+揭示+暴露
revelation,显示+揭露+被揭露的事+新发现+启示+揭示
revenge,报仇+复仇+替...报仇+复仇
revenue,收入+国家的收入+税收
reverse,相反+背面+反面+倒退+相反的+倒转的+颠倒的+颠倒+倒转
revise,修订+校订+修正+修改
revive,(使)苏醒+(使)复兴+(使)复活+(使)再生效+回想
revolt,反抗+起义+反叛+反感+厌恶
revolutionary,革命的
revolve,(使)旋转+考虑+循环出现
reward,报酬+奖金+酬劳+奖赏
rhythm,节奏+韵律
rib,肋骨
ribbon,缎带+丝带+带+带状物+带子
rid,使摆脱+使去掉
ridge,背脊+山脊+屋脊+山脉+犁垄+起皱+成脊状延伸+翻土作垄
ridiculous,荒谬的+可笑的
rifle,来复枪+步枪+来复线+膛线+用步枪射击+抢夺+掠夺
rig,索具装备+钻探设备+钻探平台+钻塔+装上索具+配备+装配
rigid,刚硬的+刚性的+严格的
rigorous,严格的+严厉的+严酷的+严峻的
rim,边+轮缘+蓝框+镶边+为...装边+沿...边缘滚动+形成边状
riot,暴乱+骚动+(植物+疾病等)蔓延+放荡+暴动+骚乱+放纵+挥霍+参加骚动
rip,撕+剥+劈+锯+裂开+撕裂+裂口+裂缝
ripe,熟的+成熟的+时机成熟的+成熟
risk,冒...的危险+冒险+风险
ritual,典礼+(宗教)仪式+礼节+典礼的+(宗教)仪式的
rival,竞争者+对手+竞争+对抗+相匹敌
rivalry,竞争+竞赛+敌对+敌对状态
roar,吼叫+怒号+吼叫+怒号+滚动+咆哮
roast,烤+烘+烘烤+暴露于某种热力下以得温暖
rob,抢夺+抢掠+剥夺
robust,精力充沛的
rocket,火箭+飞速上升
rod,杆+棒
roller,滚筒+辊子
romance,冒险故事+浪漫史+传奇文学+风流韵事+虚构+写传奇+渲染+虚构
romantic,传奇式的+浪漫的+空想的+夸大的
rope,绳+索+绳索+围起
rot,(使)腐烂+(使)腐败+腐烂+腐败
rotary,旋转的
rotate,(使)旋转
rotten,腐烂的+恶臭的+堕落的+(岩石等)风化的+虚弱的+无用的
rouse,唤醒+激起+使振奋+惊起+觉醒+奋起
route,路线+路程+通道+发送
routine,例行公事+常规+日常事务+程序
royal,王室的+皇家的+第一流的+高贵的
royalty,皇室+王权
rub,擦+摩擦+rt.(～along)和谐相处+(～off)擦掉+擦破+(～out)把(记号+笔记+笔迹等)擦掉
rude,粗鲁的+无礼的+猛烈的+残暴的+粗鲁无礼的
rug,(小)地毯+垫子
ruin,(使)破产+(使)堕落+毁灭+毁灭+崩溃+废墟+遗迹
rumour,[亦作rumor]谣言+传闻+谣传
rupture,破裂+裂开+断绝(关系等)+割裂+破裂+决裂+敌对+割裂
rural,乡下的+田园的+乡村风味的+生活在农村的
rust,铁锈+(使)生锈
sack,大袋+大袋之量+麻布袋+短而松的袍装+布袋装+洗劫+解雇+装入袋+洗劫+就寝
sacred,神的+宗教的+庄严的+神圣的
sacrifice,牺牲+献身+祭品+供奉+牺牲+献出+献祭+供奉
saddle,鞍+鞍状物+承受
safeguard,维护+保护+捍卫+安全装置+安全措施
sailor,海员+水手+不大会晕船的人+船员
saint,圣人+道德崇高的人+圣徒+神圣+成为圣徒
sake,为了...之好处+出于对...的兴趣+缘故+理由+日本米酒
salad,色拉
salary,薪水+给...加薪
salesman,售货员+推销员
salute,(尤指军队等之)举手礼+升降旗致敬+呜礼炮等+敬礼+行礼致敬+敬礼
salvation,拯救+救助
sample,标本+样品+例子+取样+采样+抽取...的样品+试验的一部分+尝试
sanction,批准+同意+支持+制裁+认可
satellite,人造卫星
satisfactory,满意的+赎罪的
saturate,使饱和+浸透+使充满
sauce,沙司+酱油+调味料+调味+使增加趣味
saucer,茶托+碟子+茶碟
sausage,香肠+腊肠
savage,野蛮的+未开化的+凶猛的+残忍的+用暴力对付+原始的人+粗鲁的人
saving,存款+挽救+救助+节约+搭救的+挽救的+节约的+节俭的+保留的+补偿的+除...之外+考虑到
scale,刻度+衡量+比例+数值范围+比例尺+天平+等级+依比例决定+攀登+测量+剥落+生水垢+重+攀登+衡量
scan,细看+审视+浏览+扫描+扫描
scandal,丑行+丑闻+诽谤+耻辱+流言蜚语
scar,伤痕+疤痕+结疤+使留下伤痕+创伤
scarce,缺乏的+不足的+稀有的+不充足的
scarcely,几乎不+简直没有
scare,惊吓+受惊+威吓+惊恐+恐慌+恐惧
scatter,分散+散开+撒开+驱散
scenery,风景+景色
scent,气味+香味+香水+线索+嗅觉+臭迹+闻出+嗅+发觉+循着遗臭追踪+使充满气味+嗅猎+发出气味
schedule,时间表+进度表+确定时间
scheme,安排+配置+计划+阴谋+方案+图解+摘要+计划+设计+图谋+策划
scholar,学者
scholarship,奖学金+学问+学识
scientific,科学的
scissors,剪刀
scold,责骂+申斥+斥责
scope,(活动)范围+机会+余地
score,得分+乐谱+抓痕+二十+终点线+刻痕+帐目+起跑线+把...记下+刻划+划线+获得+评价+记分+刻痕+得分
scorn,轻蔑+嘲笑+被叱责的人+轻蔑+不屑做
scout,侦察+搜索+侦察员+侦察机+守候+侦察+巡视+嘲笑+侦察+跟踪+觅得+监视+轻蔑地拒绝(建议+意见等)
scramble,爬行+攀缘+抢夺+混乱+攀缘+杂乱蔓延+争夺+拼凑+匆忙+攀登+搅乱+使混杂
scrap,小片+废料+剪下来的图片+文章+残余物+废料+打架+扔弃+敲碎+拆毁+互相殴打+零碎的+废弃的
scrape,刮+擦+擦痕+刮擦声+困境+刮掉+擦掉+刮出刺耳声+刮+擦+擦伤+挖成
scratch,乱写+刮擦声+抓痕+擦伤+乱涂+勾抹掉+擦+刮+搔+抓+挖出+发刮擦声+搔+抓+打草稿用的+凑合的
scream,尖声叫+尖声喊叫+尖叫声+喊叫声
screen,屏+银幕+筛子+掩蔽物+屏风+掩蔽+包庇+放映+拍摄+筛+拍电影
screw,螺丝钉+螺旋+螺杆+螺孔+螺旋桨+吝啬鬼+调节+旋+加强+压榨+强迫+鼓舞+转动+旋+拧
script,手稿+手迹+剧本+考生的笔试卷+原本
scrub,洗擦+使(气)净化+洗擦+擦洗者+矮树+灌木+丛林地+矮小人(或动物)+次等的+矮小的+临时凑合的
scrutiny,详细审查
sculpture,雕刻+雕刻品+雕塑+雕塑品+[地理]刻蚀+雕刻+雕塑+刻蚀
seal,封铅+封条+印+图章+密封+封+密封+海豹+海豹毛皮
seam,接缝+线缝+缝合线+衔接口+伤疤+层+缝合+接合+焊合+使留下伤痕+裂开+发生裂痕
secondary,次要的+二级的+中级的+第二的
section,部分+断片+部件+节+项+区+地域+截面
sector,部分+部门+[计]扇区+地区+象限+扇形+使分成部分+把...分成扇形
secure,安全的+可靠的+放心的+无虑的+保护
security,安全
seemingly,表面上地
segment,段+节+片断+分割
segregate,隔离
select,选择+挑选+精选的
selection,选择+挑选+选集+精选品
selfish,自私的
semester,学期
semiconductor,[物]半导体
seminar,研究会+讨论发表会
senate,参议院+上院
senator,参议员+(大学的)评议员+(古罗马的)元老院议员
senior,年长的+资格较老的+地位较高的+高级的
sensation,感觉+感情+感动+耸人听闻的
sensible,有感觉的+明智的+有判断力的
sensitive,敏感的+灵敏的+感光的
sentiment,情操+情感+情绪+观点+多愁善感+感情
sequence,次序+顺序+序列
sergeant,警官+军士
serial,连续的
series,连续+系列+丛书+级数
session,会议+开庭
setback,顿挫+挫折+退步+逆流+(疾病的)复发
setting,安置+安装+(太阳)落山+(固定东西的)框架+底座
settle,有背的长凳+安放+使定居+安排+解决+决定+整理+支付+使平静+安家+定居+停留+下陷+沉淀+决定+澄清
settlement,沉降+解决+结算+殖民+殖民地
severe,严厉的+严格的+剧烈的+严重的+严峻的
sew,缝制+缝纫+缝合
sexual,性的+性别的+[生]有性的
shabby,破旧的+褴褛的+低劣的+卑鄙的+不公平的
shaft,轴+杆状物
shallow,浅的+浅薄的
shark,[鱼]鲨鱼+骗子<俚>内行+专家+敲诈
shatter,粉碎+碎片+落花(叶+粒等)+打碎+使散开+粉碎+破坏+粉碎+损坏+落叶
shave,剃+刮+削刮+刨+削+刮脸
shed,流出+发散+散发+脱落+脱皮+摆脱+分水岭+棚+小屋+工棚+货棚+把...放入棚内+流下
sheer,全然的+纯粹的+绝对的+彻底的+透明的+避开+躲避+偏航+使避开+使偏航+完全+全然+峻峭+偏航
shell,贝壳+壳+外形+炮弹+去壳+脱落+炮轰+剥落+脱壳+[计]设定命令行解释器的位置
shelter,掩蔽处+身避处+掩蔽+保护+庇护所+掩体+掩蔽+躲避
shepherd,牧羊人+牧羊狗+牧羊+看管+带领
shield,防护物+护罩+盾+盾状物+(from)保护+防护+遮蔽
shift,移动+轮班+移位+变化+办法+手段+替换+转移+改变+移转+推卸+变速+转换+移动+转变+推托+变速
shipment,装船+出货
shiver,颤抖+打碎+碎裂+(无法控制的)颤抖+碎片
shortage,不足+缺乏
shortcoming,缺点+短处
shortly,立刻+不久+简略地+简言之+即刻
shove,<口>推+挤+<口>推挤+猛推+强使+推
shrewd,精明
shrink,收缩+(使)皱缩+缩短
shrub,灌木+灌木丛
shrug,关闭者+百叶窗+快门+<美俚>安眠药+关上+装以遮门+以百叶窗遮闭
shutter,耸肩+耸肩
shuttle,往返汽车(列车、飞机)+航天飞机+梭子+穿梭+穿梭往返
sideways,向一旁+向侧面地+斜地里+一旁的+向侧面的
siege,包围+围城+长期努力+不断袭击+围攻+包围+围攻
sieve,筛+滤网+不会保密的人+筛+过滤
sigh,叹息+叹息声+叹息+叹气
sightseeing,观光
signal,信号+信号的+发信号+用信号通知
signature,签名+署名+信号
significance,意义+重要性
significant,有意义的+重大的+重要的
signify,表示+意味+要紧+有重要性+颇为重要+表示
silicon,[化]硅+硅元素
similar,相似的+类似的
similarly,同样地+类似于
simplicity,简单+简易+朴素+直率
simplify,单一化+简单化
simulate,模拟+模仿+假装+冒充
simultaneous,同时的+同时发生的
sin,[俗]违背习俗+不合情理之事+过失+罪过+[数学]正弦函数
sincere,诚挚的+真实的+真诚的
single,单一的+单身的+单纯的+孤独的+专一的+个别的+一个+单打+单精度型+选出+[棒]作一垒打
singular,单数+单一的+非凡的+异常的+持异议的
sip,吸吮
site,地点+场所+遗址+定...的地点+站点
situated,位于+被置于境遇+处于...的立场
skeleton,(动物之)骨架+骨骼+基干+纲要+万能钥匙
skeptical,怀疑性的+好怀疑的+<口>无神论的
sketch,略图+草图+概略+梗概+草图+拟定+绘略图+素描+勾画
skilled,熟练的
skillful,灵巧的+熟练的+制作精巧的
skim,撇去
skip,跳+蹦+急速改变+跳读+遗漏+跳跃+跳跃
skull,头脑+头骨
slack,松弛+静止+淡季+闲散+松弛的+不流畅的+疏忽的+软弱的+漏水的+呆滞的+懒散的+马虎地+缓慢地+使松弛+使缓慢+马虎从事+松懈+减弱+松驰
slam,砰地关上+砰地放下+猛力抨击+冲击+砰+猛击+撞击+冲击
slap,拍+掌击+拍击+拍+掌击+拍击
slash,猛砍+鞭打+砍伤+大量削减+严历批评+抽打+猛砍+(大幅度)削减+斜线
slaughter,屠宰+残杀+屠杀+屠宰+残杀+屠杀
sleeve,袖子
slender,苗条的+微薄的+微弱的
slice,薄片+切片+一份+部分+片段+切(片)
slick,光滑的+熟练的+聪明的+华而不实的+陈腐的+平凡的+灵活地+聪明地+使光滑+使漂亮+平滑水面+平滑器+修光工具+打扮整洁
slide,(使)滑动+(使)滑行+滑+滑动+幻灯片
slight,轻微的+微小的
slim,苗条的+纤细的+不足取的+无价值的+细长的+变细+减肥
slip,滑倒+事故+片+纸片+滑动+滑倒+失足+减退+使滑动+滑过+摆脱+闪开+塞入+滑动的+活络的+有活结的+abbr.SerialLineInterfaceProtocol+串行线路接口协议+是旧式的协议
slippery,滑的+光滑的
slogan,口号+标语
slope,斜坡+斜面+倾斜+(使)顺斜
slot,缝+狭槽+位置+水沟+细长的孔+硬币投币口+狭通道+足迹+开槽于+跟踪
slum,贫民窟+访问贫民区
slump,消沉+衰退+(物价)暴跌+失败+消沉+(物价)暴跌+跌落
smash,打碎+粉碎+打碎+粉碎+出色的
smuggle,走私+偷带+走私
snack,小吃+快餐+一份+吃快餐(小吃)
snap,猛地吸住+突然折断+使劈啪地晌+猛咬+猛咬+突然折断+劈啪声+突然的
snatch,攫取+攫取
sneak,鬼鬼祟祟做事+偷偷摸摸做+<口>偷窃+鬼鬼祟祟人+偷偷摸摸行为+<美口>帆布胶底运动鞋+暗中进行的
sniff,用力吸+嗅+闻到+发觉+轻视+用力吸气+吸+闻+吸气声+嗤之以鼻
soak,所谓的+号称的
soar,高飞+高丛+滑翔+剧增+昂扬+高飞范围+高涨程度
sober,冷静的+镇定
so-called,高飞+高丛+滑翔+剧增+昂扬+高飞范围+高涨程度
social,社会的+爱交际的+社交的+群居的
socialism,社会主义+社会主义运动
socialist,社会主义者+社会党党员
sociology,社会学
soda,苏打+碳酸水
software,软件
solar,太阳的+日光的
sole,单独的+唯一的+脚底+鞋底+基础+换鞋底
solemn,庄严的+隆重的+严肃的
solicitor,律师+法律顾问
solidarity,团结
solitary,孤独的
solo,独奏曲+单独的
soluble,可溶的+可溶解的
solution,解答+解决办法+溶解+溶液+解决方案
solve,解决+解答
somehow,不知何故
somewhat,稍微+有点+有些
sophisticated,诡辩的+久经世故的
sore,疼痛的+痛心的+剧烈的+痛的地方+痛处
sorrow,悲哀+悲痛
sour,酸的+发酵的+酸腐的+酸味的
source,来源+水源+消息来源+原始资料+发起者+源+源极
sovereign,君主+统治+至高无上的+君主的+独立自主的+完全的
sow,大母猪+播种+散布+使密布+播种
spacecraft,太空船
spacious,广大的+大规模的
spade,铲+铁锹+铲
span,跨度+跨距+范围+横越
spark,火花+火星+闪光+情郎+花花公子+活力+电信技师+瞬间放电+闪烁+发火花+求婚+发动+鼓舞+使有朝气+求婚
sparkle,发火花+(使)闪耀+(香槟酒等)发泡+用眼神表达+发光闪烁+火花+闪光+光彩+活力+发泡
specialist,专门医师+专家
specialize,专攻+专门研究+使适应特殊目的+使专用于
specialty,专业
species,种类+(原)核素+[律]式样+[宗]圣餐物
specific,特效药+细节+详细而精确的+明确的+特殊的+特效的+[生物]种的
specifically,特定的+明确的
specification,详述+规格+说明书+规范
specify,指定+详细说明+列入清单
specimen,范例+标本+样品+样本+待试验物
spectacle,观览物+展览物+公开展示+奇观+景象+光景+(apairof～s)眼镜
spectacular,引人入胜的+壮观的
spectator,观众(指比赛或表演)
spectrum,光+光谱+型谱+频谱
speculate,推测+思索+做投机买卖
spelling,拼法+拼写法
sphere,球+球体+范围+领域+方面+圈子+半球
spice,香料+调味品+趣味+意味+情趣
spider,蜘蛛+设圈套者+三脚架
spill,溢出+溅出+摔下+木片+小塞子+暴跌+溢出量+使溢出+使散落+洒+使流出+使摔下+倒出+溢出+涌流+充满
spin,旋转+纺+纺纱+旋转
spine,脊骨+书脊+地面隆起地带+中心+剌
spiral,螺旋形的+螺旋+盘旋
spiritual,精神上的
spit,唾液+吐(唾沫)+吐出+发射+发出+喷吐
spite,(in～of)不顾+不管+敌意+困扰
splash,溅+飞溅+斑点+溅+泼+溅湿
splendid,壮丽的+辉煌的+极好的
split,劈开+(使)裂开+分裂+分离+裂开+裂口+裂痕
spoil,损坏+搞糟+宠坏+溺爱+扰乱
spokesman,发言人+代表者
sponge,海绵+(外科用的)棉球+纱布+用海绵冼涤+揩拭+清除+用海绵吸收(液体)+(俗)依赖某人生活+诈取某人+海绵般吸收
sponsor,发起人+主办者+保证人+主办人+发起+主办+赞助
spontaneous,自发的+自然产生的
spot,班点+污点+地点+场所+现场+沾污+弄脏+侦察+认出+发现
spouse,配偶(指夫或妻)
spray,喷雾+飞沫+喷射+喷溅
sprinkle,撒(某物)于(某物之表面)+洒+喷撒
spur,踢马剌+剌激物+(鸟+虫等的)距+刺激+鞭策+刺激+疾驰+驱策
spy,特工人员+间谍+侦探+探员+秘密侦察他人行动者+侦察+侦察+发现
squad,班
squeeze,压榨+挤+压榨+挤+挤榨
stab,刺+刺伤的伤口+一阵突然而强烈的感觉+中伤+伤痛+剌+刺伤+伤害(感情等)
stability,稳定性
stabilize,稳定
stable,稳定的
stack,堆+一堆+堆栈+堆叠
stadium,露天大型运动场
staff,棒+杖+杆+支柱+全体职员+[军]参谋机构+[音]五线谱+供给人员+充当职员
stagger,摇晃+蹒跚+交错+摇摇摆摆+交错的
stain,污点+瑕疵+染污+沾污
staircase,楼梯
stake,树桩
stale,(牲畜等的)尿+不新鲜的+陈腐的+疲倦的+陈旧的+使变旧+走味+变陈旧+变无味+失时效+撒尿
stalk,茎+柄+梗+秆
stall,货摊+畜栏+厩+出售摊+(使)停转+(使)停止+迟延
standpoint,立场+观点
staple,钉书钉+钉+主要产品(或商品)+原材料+主要成分+来源+主要的+常用的+大宗生产的+把...分类+把...分级
stare,(～at)凝视+盯着看
startle,震惊
starve,使饿死+饿得要死
statement,声明+陈述+综述
statesman,政治家
static,静态的+静力的+静电噪声
stationary,固定的
statistic,统计量+统计的+统计学的
statue,以雕像装饰+雕像
status,身份+地位+情形+状况
steady,稳固的+稳定的+坚定的+扎实的+坚定不移的+(使)稳定+(使)稳固
steamer,汽船+蒸汽机
steep,陡峭的+险峻的+急剧升降的+不合理的+悬崖+峭壁+浸渍+浸渍液+浸+泡+沉浸
steer,驾驶+掌舵
stem,茎+干+词干+茎干+滋生+阻止
stereo,立体声系统+立体声+[印]铅版+立体照片+立体的+立体感觉的
stereotype,[印]铅版+陈腔滥调+老套+使用铅版+套用老套+使一成不变
stern,严厉的+苛刻的+船尾
sticky,粘的+粘性的
stiff,硬的+僵直的+拘谨的+呆板的+艰难的+费劲的+僵硬的
stimulate,刺激+激励+刺激+激励
stimulus,刺激物+促进因素+刺激+刺激
sting,刺+刺痛+针刺+刺+刺痛+刺激
stir,轰动+搅动+监牢+动+移动+摇动+激起+搅和+惹起+走动+传播+流行
stock,树干+库存+股票+股份+托盘+祖先+原料+股票的+普通的+常备的+存货的+繁殖用的+装把手于+进货+备有+放牧+出新芽+采购
stocking,长袜
stoop,弯腰+屈背+屈服+弯下+弯下上身+屈服+弯腰+堕落+俯曲+辱没
storage,贮藏(量)+贮藏库+存储
stove,炉
straightforward,正直的+坦率的+简单的+易懂的+直接了当的+坦率地
strain,过度的疲劳+紧张+张力+应变+扭伤+损伤+拉紧+扯紧+(使)紧张+尽力
strand,绳、线之一股+线+绳+串+海滨+河岸+搁浅+使搁浅+使落后+使陷于困境+弄断+搓
strap,带+皮带+用带缚住+用带捆扎
strategic,战略的+战略上的
strategy,策略+军略
straw,稻草+麦杆
stray,迷路+偏离+漂泊+漂泊游荡+迷路的+离群的+偶遇的
streak,飞跑+加上条纹
stream,溪+川+流+一股+一串+河流+流+涌+流注
streamline,流线型的
strengthen,加强+巩固
stress,重压+逼迫+压力+重点+着重+强调+重音+着重+强调+重读
stretch,伸展+伸长+一段时间+一段路程+伸展
stride,大步走(过)+跨过+大步行走+步幅
striking,打击的+显著的+惊人的+罢工的
string,线+细绳+一串+一行+排成一列
strip,剥+剥去+条+带
stripe,斑纹+条纹
strive,努力+奋斗+力争+斗争
stroke,击+敲+报时的钟声+(网球等)一击+(划船等)一划+(绘画等)一笔+一次努力+打击+抚摸
stroll,漫步+闲逛+四处流浪+闲逛+漫步+跋涉于
structure,结构+构造+建筑物+建筑+构成+组织
stubborn,顽固的+固执的+坚定的+坚决的+难应付的+难处理的
studio,画室+照相室+工作室+(无线电或电视节目的)演播室+(制作电影的)摄影棚+(电影公司的)摄影场
stuff,原料+材料+素材资料+塞满+填满+填充
stumble,绊倒+使困惑+蹒跚+结结巴巴地说话+踌躇+绊倒+错误
stump,树桩+残余+烟头+掘去树桩+砍成树桩+绊倒+难住+截去
stun,使晕倒+使惊吓+打晕+晕眩+打昏+惊倒
sturdy,强健的+坚定的+毫不含糊的+[兽医]家畜晕倒病
subject,题目+主题+科目+学科+国民+[语法]主语+受他国统治的+未独立的+受制于...的+受...影响的+以...为条件的+使屈从于...+使隶属
subjective,主观的+个人的
submarine,潜水艇+潜艇+水下的+海底的
submerge,浸没+淹没+掩没+潜水
submit,(使)服从+(使)顺从+提交+递交
subordinate,次要的+从属的+下级的+下属+服从
subscribe,捐款+订阅+签署(文件)+赞成+预订
subsequent,后来的+并发的
subsidiary,辅助的+补充的
subsidy,补助金+津贴
substance,物质+实质+主旨
substantial,坚固的+实质的+真实的+充实的
substitute,代用品+代替者+替代品+代替+替换+替代
subtle,狡猾的+敏感的+微妙的+精细的+稀薄的
subtract,(～from)减去+减
suburb,市郊+郊区
subway,地道+<美>地铁
succession,连续+继承+继任+演替+[农业]轮栽+连续性
successive,继承的+连续的
successor,继承者+接任者+后续的事物
suck,吸+吮+吸取
sue,控告+向...请求+请愿+提出诉讼+提出请求
suffer,遭受+经历+忍受+受痛苦+受损害
suffice,足够+有能力+使满足
sufficient,充分的+足够的
suggestion,提议+意见+暗示+微量
suicide,自杀+自毁+给自己带来伤害或损失的行为
suite,(一批)随员+(一套)家具+套房+套+组+组曲
sulfur,[化]硫磺+硫黄+用硫磺处理
sum,总数+和+金额+算术题
summarize,概述+总结+摘要而言
summary,摘要+概要
summit,顶点+最高阶层+政府首脑的+参加最高级会议的
summon,召集+召唤+号召+鼓起+振作
sunlight,日光+阳光+日照
sunrise,日出
sunset,日落+晚年
sunshine,阳光
superb,庄重的+堂堂的+华丽的+极好的
superficial,表面的+肤浅的+浅薄的
superintendent,主管+负责人+指挥者+管理者
superior,长者+高手+上级+较高的+上级的+上好的+出众的+高傲的
superiority,优越+高傲
supersonic,超音波的+超声波+超声频
supervise,监督+管理+指导
supplement,补遗+补充+附录+增刊+补充
supplementary,(supplementaries)增补者+增补物+附助的
supply,补给+供给+供应品+补给+供给+提供+补充+代理+替代他人职务
support,支撑+扶持+支持+支援+拥护+维持+赡养+忍受+支撑+支持+支援+维持+赡养+支持者+支柱
suppose,推想+假设+猜想+料想+conj.假使...结果会怎样
suppress,镇压+抑制+查禁+使止住
supreme,极度的+极大的+至高的+最高的
surge,巨涌+汹涌+澎湃+汹涌+澎湃+振荡+滑脱+放松+使汹涌奔腾+急放
surgeon,外科医生
surgery,外科+外科学+手术室+诊疗室
surpass,超越+胜过
surplus,剩余+过剩+[会计]盈余+过剩的+剩余的+转让+卖掉
surrender,交出+放弃+使投降+听任+投降+自首+交出+放弃+投降+投降算了
surround,包围+环境+围绕
surrounding,围绕物+环境+周围的
survey,测量+调查+俯瞰+概观+纵览+视察+调查(收入+民意等)测量+勘定+审视+视察+俯瞰+通盘考虑+测量土地
survival,生存+幸存+残存+幸存者+残存物
survive,幸免于+幸存+生还
susceptible,易受影响的+易感动的+容许...的+(因缺乏免疫力而)易得病的人
suspect,嫌疑犯+令人怀疑的+不可信的+可疑的+怀疑+猜想+对...有所觉察
suspend,吊+悬挂+延缓
suspension,吊+悬浮+悬浮液+暂停+中止+悬而未决+延迟
suspicion,猜疑+怀疑
suspicious,(～of)可疑的+怀疑的
sustain,支撑+撑住+维持+持续
swallow,[鸟]燕子+吞咽+喉+咽+淹没+吞没+取消+忍受+轻信+压制+耗尽+吞下+咽下
swamp,沼泽+湿地+煤层聚水+陷入沼泽+淹没+覆没
swap,交换+交换
sway,摇摆+摇动
swear,诅咒+宣誓+发誓
swell,(使)膨胀+增大
swift,[鸟]雨燕+(梳棉机等的)大滚筒+迅速的+快的+敏捷的+立刻的+迅速地+敏捷地
swing,摇摆+摆动+回转+旋转+秋千+摇摆+摆动
switch,开关+电闸+转换+转换+转变
sword,剑
symbol,符号+记号+象征
symmetry,对称+匀称
sympathetic,有同情心的+合意的+赞成的+[解]交感神经+容易感受的人
sympathize,同情+共鸣+同感+同意+吊唁
sympathy,同情+同情心
symphony,交响乐+交响曲
symposium,讨论会+座谈会
symptom,[医][植]症状+征兆
syndrome,综合病症
synthesis,综合+合成
synthetic,合成的+人造的+综合的
system,系统+体系+制度+体制+秩序+规律+方法
systematic(al),组织性的+系统的
tack,大头钉+粗缝+行动方针+食物+以大头针钉住+附加+抢风航行+作文字形移动
tackle,工具+复滑车+滑车+辘轱+用具+装备+扭倒+固定+应付(难事等)+处理+解决+抓住+捉住+扭住+扭倒
tag,标签+鞋带、绳子等末端的金属物+垂下物+附属物+名称+标记符+陈词滥调+结束语+加标签于+紧随+添饰+起浑名+连接+紧随
talent,天才+才干+才能
tame,(动物)驯服的+柔顺的+(人)没精打彩的+顺从的+被开垦的+沉闷的+乏味的+平淡的+驯养+驯服+制服+使变得平淡+变得驯服
tan,日晒后的颜色+棕褐色+茶色+棕褐色的+茶色+晒黑+晒成褐色
tangle,混乱状态+处于混乱状态
tanker,油轮
target,目标+对象+靶子
tariff,关税+关税表+税则+(旅馆+饭店等的)价目表、价格表+课以关税
tax,税+税款+税金+对...征税+使负重担+指控+责备
tease,揶揄+戏弄+逗惹+取笑+逗恼+奚落+欺负+嘲弄+取笑+强求+梳理
technician,技术员+技师
technique,技术+技巧+方法+表演法+手法
technology,工艺+科技+技术
tedious,单调乏味的+沉闷的+冗长乏味的
teenager,十几岁的青少年
telecommuications,电讯+长途通讯+无线电通讯+电信学
telecommunication,电讯+长途通讯+无线电通讯+电信学
telescope,望远镜+压缩
temper,(钢等)韧度+回火+性情+脾气+情绪+心情+调剂+趋向+(冶金)回火、锻炼+调和+调节
temperament,气质+性情+易激动+急躁
temple,庙+寺+神殿+教堂+礼拜堂+太阳穴+鬓角
tempo,(音乐)速度、拍子+发展速度
temporary,暂时的+临时的+临时性
tempt,诱惑+引诱+吸引+使感兴趣+考验+试探
temptation,诱惑+诱惑物
tenant,承租人+房客+租客+出租
tend,趋向+往往是+照管+护理
tendency,趋向+倾向
tender,嫩的+温柔的+软弱的
tense,紧张的+拉紧的+(使)紧张+(使)拉紧+[语法]时态
tension,紧张(状态)+不安+拉紧+压力+张力+牵力+电压+拉紧+使紧张
tentative,试验+假设+试验性的+试探的+尝试的+暂定的
terminal,终点站+终端+接线端+末期+每期的+每学期的
terminate,停止+结束+终止
terrace,梯田的一层+梯田+房屋之平顶+露台+阳台+倾斜的平地+(女服)叠层式的+使成梯形地+使有平台屋顶
terrain,地形
terrific,令人恐怖的
terrify,使恐怖+恐吓
territory,领土+版图+地域
terror,恐怖+可怕的人+恐怖时期+恐怖行动
testify,证明+证实+作证
testimony,证词(尤指在法庭所作的)+宣言+陈述
textile,纺织品+纺织的
texture,(织品的)质地+(木材+岩石等的)纹理+(皮肤)肌理+(文艺作品)结构
thanksgiving,感谢+[宗]感恩祈祷
theft,偷+行窃+偷窃的事例+偷窃行为
theme,(谈话+写作等的)题目+主题+学生的作文+作文题+[音乐]主题+主题曲+主旋律
theoretical,理论的
theory,理论+学说+...论+原理+意见+推测
therapy,治疗
thereafter,其后+从那时以后
thereby,因此+从而+在那方面+在那附近
therefore,因此+所以
thermal,热的+热量的
thermometer,温度计+体温计
thesis,论题+论文
thick,厚的+粗的+稠的+浓的+最拥挤部份+活动最多部份+事物的粗大浓密部份
thigh,大腿+股
thinking,思想
thirsty,口渴的+渴望的+热望的
thorn,[植]刺+棘+荆棘
thorough,十分的+彻底的
thoughtful,深思的+有思想性的+体贴的+关切的
threat,恐吓+凶兆+威胁
threaten,恐吓+威胁+预示(危险)+似有发生或来临的可能+可能来临
threshold,开始+开端+极限
thrill,发抖
thrive,兴旺+繁荣+茁壮成长+旺盛
throat,咽喉+喉咙+嗓音+窄路+口子+用喉音说+开沟于
throne,王座+君主
thrust,插+戳+刺+推力+猛推+口头攻击+力推+冲+插入+挤进+刺+戳+强加+延伸+插入+刺+戳+延伸+强行推进
thumb,拇指+以拇指拨弄+笨拙处理+弄坏+翻阅+作搭车手势+用拇指翻书页
thunder,雷+雷声+轰隆声+打雷+雷鸣
tick,滴答声+记号+勾号+扁虱+滴答地响+标以记号+作滴答声
tickle,搔+胳肢+发痒+胳肢+逗笑+使高兴+使发痒+觉得痒+使人痒
tide,潮+潮汐+潮流+趋势
tidy,椅子的背罩+装杂碎的容器+整齐的+整洁的+精简的+弄整齐+收拾+整理+整理+收拾+<口>可观的+相当大的
tile,瓦片+瓷砖
tilt,(使)倾斜+(使)翘起+以言词或文字抨击
timber,木材+木料
timely,及时的+适时的
timid,胆小的+羞怯的
tissue,薄的纱织品+薄纸+棉纸+[生]组织+连篇
title,头衔+名称+标题+冠军+资格+字幕+权利+扉页+赋予头衔+加标题于+标题的+用作书名的
toast,烤面包(片)+吐司面包+干杯+敬酒+烤(面包等)+使暖和+烤暖+烤火+烘
token,表示+向征+记号+代币+象征的+表意的
tolerance,公差+宽容+忍受+容忍+(食物中残存杀虫剂的)(法定)容许量+给(机器部件等)规定公差
tolerant,容忍的+宽恕的+有耐药力的
tolerate,忍受+容忍
toll,通行税(费)+费+代价+钟声+征收+敲钟+鸣(钟)(特指宣布死亡)+勾引+引诱+征税+鸣钟
tone,音调+音质+语调+色调+状况+品质+语气+气氛+调和+增强+以特殊腔调说+配合+定音调+颜色调和
topic,话题+主题
torch,火把+启发之物+像火炬一样燃烧+用火炬点燃
torture,折磨+痛苦+拷问+拷打+拷问+曲解+折磨+使弯曲
toss,投+掷
tough,恶棍+强硬的+艰苦的+坚强的+坚韧的+强壮的+吃苦耐劳的+凶恶的+粗暴的+<口>强硬地+顽强地+<美口>忍受+耐+坚持
tour,旅行+游历+旅游+旅行+游历+巡回+漫游
tow,拖+拖曳所用之绳+麻的粗纤维+拖+曳+牵引+拖行+被拖带
towel,手巾+毛巾+用毛巾擦
toxic,有毒的+中毒的
trace,痕迹+踪迹+微量+迹线+缰绳+描绘+映描+画轮廓+追踪+回溯+探索+上溯+沿路走
tract,广阔的地面+土地+地方+地域+(解剖)管道+小册子
tractor,拖拉机
trademark,商标
tradition,传统+惯例
tragedy,悲剧+惨案+悲惨+灾难
tragic,悲惨的+悲剧的+(文艺作品或生活中的)悲剧因素+悲剧风格
trail,踪迹+痕迹+形迹+跟踪+追踪+拉+拖+拖拉+(指植物)蔓生+蔓延+(指人)没精打采地走
trait,显著的特点+特性
transaction,办理+处理+会报+学报+交易+事务+处理事务
transcend,超越+胜过
transfer,迁移+移动+传递+转移+调任+转帐+过户+转让+转移+调转+调任+传递+转让+改变+转移+转学+换车
transform,转换+改变+改造+使...变形+改变+转化+变换+[数]变换(式)+[语]转换
transient,短暂的+瞬时的+瞬时现象
transistor,[电子]晶体管
transit,经过+通行+搬运+运输+运输线+转变+横越+通过+经过+通过+[天]中天+经纬仪
transition,转变+转换+跃迁+过渡+变调
translation,翻译+译文+转化+调任+转换[物][数]平移
transmission,播送+发射+传动+传送+传输+转播
transmit,传输+转送+传达+传导+发射+遗传+传播+发射信号+发报
transparent,透明的+显然的+明晰的
transplant,移植+移种+移民+迁移+移植+被移植物+移居者
transport,传送器+运输+运输机+激动+流放犯+狂喜+传送+运输+流放+放逐
transportation,运输+运送
trap,圈套+陷阱+诡计+活板门+存水弯+汽水闸+(双轮)轻便马车+设圈套+设陷阱+诱捕+诱骗+计捉+设陷+坑害+使受限制
trash,无价值之物+无聊的作品+垃圾+废物
traverse,横贯+横断+障碍+否认+反驳+通廊+横过+穿过+经过+在...来回移动+反对+详细研究+横越+旋转+来回移动+横断的+横的
tray,盘+碟+盘子
treatment,待遇+对待+处理+治疗
treaty,条约+谈判
tremble,战栗+颤抖+战栗+发抖+震动+(树叶等)摇晃.摇动+焦虑+挥动+用颤抖的声音说出
tremendous,极大的+巨大的
trench,沟渠+堑壕+管沟+电缆沟+战壕+掘沟+挖战壕
trend,倾向+趋势+伸向+倾向+通向
trial,试验+考验+审讯+审判
triangle,[数]三角形+三人一组+三角关系
tribe,部落+部族
tribute,贡品+礼物+颂词+殷勤+贡物
trifle,琐事+少量+蛋糕+小事+开玩笑+玩弄+闭混+浪费+嘲弄
trigger,引发+引起+触发+板机
trim,整齐的+整洁的+整理+修整+装饰
triple,三倍数+三个一组+三倍的+三倍与+增至三倍
triumph,胜利+成功+获得胜利
trivial,琐细的+价值不高的+微不足道的
troop,群+组+多数+军队+群集+结队+成群而行+把(骑兵)编成骑兵连
tropical,热带的+热情的
troublesome,麻烦的+讨厌的+棘手的
truly,真实地+不假
trumpet,喇叭
trunk,干线+树干+躯干+箱子+主干+象鼻+把...放入旅行箱内+树干的+躯干的+干线的+箱形的
tub,浴盆
tube,管+管子+[英]地铁+<美>电子管+显象管
tuck,缝摺+活力+鼓声+船尾突出部下方+食物(尤指点心+蛋糕)+打摺+卷起+挤进+塞+使隐藏+折成摺子+缩拢
tug,用力拖+吃力地搬运+苦干+用拖轮拖+拖拉+拖+苦干+拖船+(牵引用的)绳索
tuition,学费
tumble,跌倒+摔跤+翻斤斗+翻倒+摔倒+倒塌+滚动+翻筋斗+仓惶地行动+使摔倒+使滚翻+弄乱
tune,曲调+调子+和谐+合调+调音+调整+拨收+收听+知道或察觉他人所说的话或表现的情绪
tunnel,隧道+地道
turbine,涡轮
turbulent,狂暴的+吵闹的
turnover,翻覆+翻折+半圆卷饼+流通量+营业额+周转+有一部分翻转的+可翻转的
tutor,家庭教师+(大学)指导教师+助教+监护人+辅导教师+辅导
twist,一扭+扭曲+盘旋+曲折+歪曲+手法+螺旋状+拧+扭曲+绞+搓+捻+使苦恼+使转动+编织+扭弯+扭曲+缠绕+扭动+呈螺旋形
typewriter,打字机
typical,典型的+象征性的
typist,打字员
tyre,轮胎+装轮胎于
ugly,丑陋的+难看的
ultimate,最后的+最终的+根本的+最终
ultraviolet,紫外线的+紫外的+紫外线辐射
umbrella,伞+雨伞+庇护
unanimous,意见一致的+无异议的
uncover,揭开+揭露+揭示
underestimate,低估+看轻+低估
undergo,经历+遭受+忍受
undergraduate,大学肄业生+(尚未取得学位的)大学生+大学生的
underground,地下的+地面下的+秘密的+[英]地铁+在地下+秘密地
underline,在...下面划线+作...的衬里+加下划线+强调+下划线
underlying,在下面的+根本的+潜在的+[商]优先的
undermine,破坏
underneath,在下面+在...的下面
understanding,谅解+理解
undertake,承担+担任+许诺+保证+采取
undo,解开+松开+取消+撤消
undoubtedly,无庸置疑地+的确地
uneasy,心神不安的+不自在的+不稳定的+不舒服的+心神不安地+不自在地+不稳定地
unemployment,失业+失业人数
unexpected,想不到的+意外的+未预料到
unfold,打开+显露+开展+阐明+伸展+开花+呈现+放(羊)出栏
unfortunately,不幸地
unify,统一+使成一体
union,联合+合并+结合+联盟+协会
unique,唯一的+独特的
unite,联合+团结
unity,团结+联合+统一+一致
universal,普遍的+全体的+通用的+宇宙的+世界的
universe,宇宙+世界+万物+领域
unless,conj.如果不+除非
unlike,不同的+不相似的+不象...+和...不同
unload,卸货+退子弹+摆脱...之负担+倾销+卸
unusual,不平常的+与众不同的+不寻常的
update,使现代化+修正+校正+更新+现代化+更新
upgrade,升级+上升+上坡+往上+使升级+提升+改良品种
uphold,支持+赞成
upper,上面的+上部的+较高地位的
upright,垂直的+竖式的+正直的+诚实的+合乎正道的+笔直+竖立着+垂直+竖立
upset,颠覆+推翻+扰乱+使不适+使心烦+翻倒+倾覆+翻倒+混乱
up-to-date,直到现在的+最近的+当代的+新式的
urban,城市的+市内的
urge,催促+力劝+强烈欲望+迫切要求+促进
urgent,急迫的+紧急的
usage,使用+用法
utility,效用+有用
utilize,利用
utmost,极限+最大可能+极力+极度的+最远的
utter,全然的+绝对的+发出+做声+发表+发射+流通
vacant,空的+空白的+空灵的+头脑空虚的+神情茫然的+空闲的+空缺的
vacation,假期+休假+(房屋等的)腾出+<美>度假+休假
vacuum,真空+空间+真空吸尘器+真空的+产生真空的+利用真空的+用真空吸尘器打扫
vague,含糊的+不清楚的+茫然的+暧昧的
vain,徒然的+无益的+虚荣的+空虚的+自负的+愚蠢的
valid,[律]有效的+有根据的+正当的+正确的
valve,阀+[英]电子管+真空管
van,有篷货车+先锋+前驱+前卫+用车搬运
vanish,消失+突然不见+[数]成为零+[语]弱化音
vapour,蒸汽+水蒸气
variable,[数]变数+可变物+变量+可变的+不定的+易变的+[数]变量的
variation,变更+变化+变异+变种+[音]变奏+变调
variety,变化+多样性+种种+品种+种类
various,不同的+各种各样的+多方面的+多样的
vary,改变+变更+使多样化+变化+不同+违反
vast,巨大的+辽阔的+大量的+巨额的
vegetation,[植]植被+(总称)植物、草木+(植物的)生长、呆板单调的生活
vehicle,交通工具+车辆+媒介物+传达手段
veil,面纱+面罩+帐+幕+掩饰物+遮蔽物+口实+假托+戴面纱+隐藏+遮蔽+掩饰+蒙上面纱
vein,血管+静脉+叶脉+翅脉+矿脉+纹理+性情+心绪+使成脉络+象脉络般分布于
velocity,速度+速率+迅速+周转率
velvet,天鹅绒+柔软+光滑+天鹅绒的+柔软的+光滑的
vent,通风孔+出烟孔+出口+(感情等的)发泄+放出+排出+发泄
ventilate,使通风+给...装通风设备
venture,冒险+投机+风险+冒险+冒昧+斗胆+胆敢(谦语)
verbal,口头的
verdict,[律](陪审团的)裁决+判决+判断+定论+结论
verge,濒临+边缘
verify,检验+校验+查证+核实+[计]打开或关闭文件的读写校验
versatile,通用的+万能的+多才多艺的+多面手的
verse,韵文+诗+诗节+诗句+诗篇
version,译文+译本+翻译
versus,对(指诉讼+比赛等中)+与...相对
vertical,垂直的+直立的+顶点的+[解]头顶的+垂直线+垂直面+竖向
vessel,船+容器+器皿+脉管+导管
veteran,老兵+老手+富有经验的人+退伍军人+老兵的+经验丰富的
veto,否决+禁止+否决权+否决+禁止
via,经+通过+经由
vibrate,(使)振动+(使)摇摆
vice,恶习+恶行+坏脾气+罪恶+堕落+老虎钳+缺点+缺陷+钳住+代替
vicinity,邻近+附近+接近
vicious,恶的+不道德的+恶意的+刻毒的+堕落的+品性不端的+有错误的
victim,受害人+牺牲者+牺牲品
video,电视+录象+视频
viewpoint,观点
vigorous,精力旺盛的+有力的+健壮的
vinegar,醋
violate,违犯+亵渎(圣物)+冒犯+干扰+违反+妨碍+侵犯+强暴
violence,猛烈+强烈+暴力+暴虐+暴行+强暴
violent,猛烈的+激烈的+暴力引起的+强暴的
violet,紫罗兰+紫罗兰色的
violin,小提琴+小提琴手
virgin,处女+处男+处女的+童贞的+纯洁的+洁白无瑕疵的+未被玷污的+原始的+处于原状态的+未伐过的森林+美国游戏公司
virtual,虚的+实质的+[物]有效的+事实上的
virtually,事实上+实质上
virtue,德行+美德+贞操+优点+功效+效力+英勇
virus,[微]病毒+滤过性微生物+毒害+恶毒(vires[5vaiEri:z]活力)
visa,签证+签准+维萨信用卡
visible,看得见的+明显的+显著的+可见物
vision,视力+视觉+先见之明+眼力+想象力+幻想+幻影+景象+梦见+想象+显示
visual,看的+视觉的+形象的+栩栩如生的
visualize,形象+形象化+想象+显现
vital,生死攸关的+重大的+生命的+生机的+至关重要的+所必需的
vitamin,维他命+维生素
vivid,生动的+鲜明的+鲜艳的+大胆的+清晰的+活泼的+逼真的
vocabulary,词汇+词汇量+词表
vocal,发嗓音的+声音的+有声的+歌唱的+元音+声乐作品
vocational,职业的
void,空间+空旷+空虚+怅惘+空的+无人的+空闲的+无效的+无用的+没有的
volcano,火山
volt,(马术中的)环骑+[击剑]闪避+[电工]伏特
voltage,[电工]电压+伏特数
volume,卷+册+体积+量+大量+音量
voluntary,自动的+自愿的+主动的+故意的+非官办的+志愿的+自发的
volunteer,志愿者+志愿兵+志愿的+义务的+无偿的+自愿
vote,投票+选票+表决+得票数+投票+投票+投票决定+公认+<口>建议+使投票
vulgar,粗俗的+庸俗的+普通的+通俗的+本土的+<古>平民+百姓
vulnerable,易受攻击的+易受...的攻击
wagon,四轮马车+货车+用马车运输货物
waist,腰部+腰+衣服的上身部分+背心
waken,醒来+唤醒
wallet,皮夹+钱夹+钓鱼带
wander,漫步+徘徊+迷路+迷失方向+离题
ward,守卫+保卫+保护+牢房+病房+行政区+监护+锁孔+守护+保卫+防止+挡住+躲开+避免
wardrobe,衣柜+衣厨+衣室+衣服+行头+剧装
warehouse,仓库+货栈+大商店+贮入仓库+<俚>[经]以他人名义购进(股票)
warfare,战争+作战+冲突+竞争
warmth,暖和+温暖+热心+热情
warrant,授权+正当理由+根据+证明+凭证+委任状+批准+许可证+保证+辩解+担保+批准+使有正当理由
waterproof,防水的+不透水的
watertight,不漏水的+水密的
watt,瓦特(1736-1819+英国工程师+发明家)
wax,蜡+蜡状物+增加+月亮由亏转盈+变大+增大+月亮渐满+上蜡于
weaken,削弱+(使)变弱
wealth,财富+财产+大量
wealthy,富有的+丰裕的+充分的+富人+有钱人
weapon,武器
weary,疲倦的+厌倦的+令人厌烦的+疲劳+疲倦+厌倦+厌烦
weave,编法+织法+编织+编织+组合+编排+使迂回前进+纺织+迂回行进+摇晃+织法+织物
web,网+蛛丝+蹼+翼手+织物+圈套+卷筒纸+使陷入罗网+形成网+织蜘蛛网于+使落入圈套+环球网
wedge,楔+楔入+楔进
weed,野草+杂草+除草+铲除
weekly,每星期的+一周的+每周一次+周刊+周报
weep,哭+哭泣+滴下+哭泣+流泪+哀悼+滴落+哭着使...+悲叹+滴下
weird,怪异的+超自然的+神秘的+不可思议的+超乎事理之外的+<古><苏格兰>命运+预言+符咒
weld,焊接+焊接+焊缝
welfare,福利+安宁+幸福+福利事业+社会安全+福利的
well-known,众所周知的+有名的+清楚明白的
whale,鲸+捕鲸
whatsoever,pro任何+无论什么（用于否定句中以加强语气）
whereas,conj.然而+反之+鉴于+尽管+但是
whereby,凭什么+为何
whichever,pro无论那一个+任何一个
whilst,conj.时时+同时（与while同义）
whip,鞭子+车夫+鞭打+抽打+突然移动
whirl,(使)旋转+急动+急走+旋转+—连串快速的活动
whisper,耳语+私语+密谈+谣传+飒飒的声音+耳语+密谈+飒飒地响+低声说
whistle,口哨+汽笛+口哨声+汽笛声+吹口哨+鸣汽笛
whoever,pro任何人+无论谁
wholly,整个+统统+全部+专门地
wicked,坏的+邪恶的+缺德的+不道德的+恶劣的+刻毒的+淘气的(wick[wik]蜡烛心+灯芯+油绳通过毛细作用带走)
widen,加宽+放宽+扩展
widespread,分布广泛的+普遍的
widow,寡妇+使成寡妇(或鳏夫)
width,宽度+宽广+广博+有一定宽度的东西(如一快布料等)
wisdom,智慧+明智的行为+学识+名言+贤人+至理名言
wit,智力+才智+智慧
withdraw,收回+撤消+缩回+退出+撤退
withhold,使停止+拒给+保留+抑制+忍住
withstand,抵挡+经受住
witness,[律]证人+目击者+证据+证明+证词+目击+为...作证+证明+表明+作证+成为证据
wolf,狼+残忍贪婪之人+极度的穷困+狼吞虎咽+大吃+猎狼
wool,羊毛+毛织品+毛线+绒线+毛料衣物
workman,工人+工匠+男工
workshop,车间+工场
world-wide,全世界的
worm,虫+蠕虫+蚯蚓+蜗杆+螺纹+小人物+蠕行+慢慢前进+使蠕行+慢慢地走+给(烟草作物)除虫
worship,崇拜+礼拜+尊敬+敬神+拜神+崇拜+尊敬
worthless,无价值的+无益的
worthwhile,值得做的+值得出力的
worthy,杰出人物+知名人士+有价值的+应...的+可敬的+值得的+相称的
wrap,外套+围巾+包裹+秘密+约束+限制+包装+卷+缠绕+包+覆盖+裹+遮蔽+隐藏+缠绕+重叠+穿外衣+包起来
wreck,失事船(或飞机)+残骸+(船+飞机的)失事+破坏+拆毁
wrench,扳钳+扳手+猛扭+痛苦+扭伤+歪曲+猛扭+使扭伤+曲解+抢+折磨+猛扭+绞痛
wretched,可怜的+悲惨的+肮脏的+恶劣的
wrinkle,皱纹+使皱
wrist,手腕+腕关节
writer,作者+作家+复写器
writing,笔迹+作品+著述
X-ray,X-raysX光+X射线
yacht,游艇+快艇+轻舟+驾游艇+乘游艇
yawn,打呵欠+张开+裂开+呵欠
yearly,每年的+每年
yell,大叫+忍不住笑+呼喊+叫着说+叫声+喊声
yield,出产+生长+生产+(～to)屈服+屈从+产量+收益
yoke,轭+轭状物+套+束缚+支配+把...套上轭+结合+连接
youngster,年青人+少年
zinc,锌+涂锌于
zone,地域+地带+地区+环带+圈+环绕+使分成地带+分成区
