w,m
literature,文学+文学作品
article,文章+物品
journal,日报-杂志+日记
version,版本+译文
reference ,参考+提及+参考书目
available ,可获得的+可购得的+可找到的+有空的
electronic,电子的
access,使用+存取+接近
database,数据库-资料库
source,来源+水源+原始资料
abstract,摘要+抽象+抽象的概念[摘要+提取[抽象的+深奥的
interdisciplinary,各学科间的
approach,方法+途径+接近[接近+着手处理
mythology ,神话+神话学
solar, 太阳的+日光的
Jupiter,木星
presentation,展示+描述-陈述+介绍
contemporary,同时代的人+同时期的东西[当代的+同时代的
gallery,画廊+走廊
unfamiliar,不熟悉的+不常见的+没有经验的
depict,描述+描画
accessible,易接近的+可进入的+可理解的
chaotic,混沌的+混乱的-无秩序的
impressionism,印象派-印象主义
realism,现实主义+实在论
bleak,阴冷的+荒凉的+黯淡的+冷酷的+单调的
element,元素+要素+原理+成分
observe,观察+遵守+注意到
wrap,外套[包+缠绕+隐藏
vibrant,振动的+充满生气的+响亮的
illustration,说明+插图+例证+图解
convince,说服+使确信-使信服
determine,（使）下决心-（使）做出决定
formation,形成+构造
fundamental,基本原理+基本原则[基本的-根本的
refinement,精制+文雅+[化工]提纯
solidify,团结+凝固
obvious,明显的+显著的
revolutionary,革命的+大变革的
particle,颗粒
grain ,谷粒+颗粒
magma,[地质] 岩浆+糊剂
larva ,幼体-[昆] 幼虫
crystallize,使结晶+使具体化
granite,花岗岩
assumption,假定+设想
efficient,有效率的+有能力的
accurate,精确的
predict,预报-预言+预知
conclusively,最后地+决定性地
concentrate,集中+浓缩+全神贯注
original, 原件+原作[原始的+最初的
inhabitant,居民+居住者
settlement,解决-处理
Neolithic,[古] 新石器时代的+早先的
impressive,令人钦佩的+给人以深刻印象的
accomplish,完成+实现+达到
obsidian ,黑曜石
volcanic,火山岩[火山的+猛烈的
diagonal,对角线+斜线[斜的+对角线的
hatchway,舱口+天窗
storage,存储+仓库+贮藏所
smoky ,冒烟的+烟熏味的
soot,煤烟-烟灰[熏黑
feature,特色-特征+容貌[特写+以…为特色
burial,埋葬+葬礼/埋葬的
violent,暴力的+猛烈的
indicate,表明+指出+预示
ancestor,始祖-祖先
excavation,挖掘-发掘
layout,布局+设计+安排+陈列
speculate,推测+投机+思索
artifact,人工制品+手工艺品
cereal,谷类-谷物[谷类的
religious,宗教的+虔诚的
adapt,使适应+改编
species,[生物] 物种+种类
marmot, [脊椎] 旱獭-[脊椎] 土拨鼠
squirrel,松鼠
rodent,[脊椎] 啮齿动物/啮齿类的+咬的
portion,部分+一份
hibernate,过冬+（动物）冬眠+（人等）避寒
reside,住-居住+属于
temperate,温和的+适度的+有节制的
mate,配偶[使配对+使一致
availability,可用性+有效性+实用性
territorial, 领土的+区域的
ritual,仪式+惯例[仪式的+例行的
aggressive,侵略性的+好斗的+有进取心的
impersonal, 客观的+非个人的+没有人情味的
emerge,浮现+摆脱
offspring,后代-子孙+产物
mature,成熟+到期[成熟的+到期的+成年人的
vegetation,植被+植物
survive,幸存+生还+幸免于
survival ,幸存-残存+幸存者
bizarre,奇异的（指态度-容貌-款式等）
harsh,严厉的+严酷的+刺耳的+粗糙的
variation,变化+[生物] 变异-变种
summarize,总结+概述
general,普通的+综合的+大体的
casual,随便的+非正式的+临时的+偶然的
recognize,认出-识别+承认
evolution,演变+进化论+进展
meteorological,气象的+气象学的
analyze,对…进行分析-分解
statistical,统计的+统计学的
semester,学期+半年
regional,地区的+局部的
indicator,指示器
draft,草稿+汇票+草图
register,登记+注册+挂号
thesis,论文+论点
revise, 修正+复习+校订
credit,信用-信誉+学分+信任
behaviorism,行为主义
mental,精神的+脑力的+疯的
verify,核实+查证
accuracy,精确度-准确性
muscular,肌肉的+肌肉发达的+强健的
manifestation,表现+显示+示威运动
laryngeal,喉部+喉音[喉的+喉头治疗用的
larynx,[解剖] 喉+喉头
particular,详细说明[特别的+详细的+独有的
overt,明显的+公然的+蓄意的
covert,隐藏处+树丛[隐蔽的+隐密的
electrode,[电] 电极+电焊条
potential,潜能+可能性/潜在的+可能的
diligently,勤奋地+勤勉地
response,响应+反应+回答
motor,发动机-马达+汽车
identical,完全相同的事物/同一的+完全相同的
idiomatic,惯用的+符合语言习惯的+通顺的
equivalent,等价物-相等物/等价的-相等的
definitely ,清楚地+明确地-肯定地
due,应付款+应得之物[到期的+预期的+应付的
delay,延期+耽搁
fiber,纤维+光纤
textile,纺织品-织物[纺织的
 hemp,大麻+麻类植物
chiefly,主要地+首先
explosive,炸药+爆炸物/爆炸的+爆炸性的
flexible,灵活的+柔韧的+易弯曲的
resistant,抵抗的-反抗的+顽固的
characteristic,特征+特性/典型的+特有的
exceptionally,异常地+特殊地+例外地
combination,结合+组合+联合
degrade,降级-降解
zinc,锌
stainless,不锈的+纯洁的-未被玷污的
anchor,锚[抛锚
extract,汁+摘录+榨出物[提取+取出
rope,绳-绳索[捆-绑
bundle,束+捆
compose,组成+作曲
twist,捻+拧+扭伤+编织
Aristotle,亚里士多德
ethical,伦理的+道德的
distinction,区别+差别+特性
technical,工艺的-科技的+技术上的
term,术语+学期+期限+条款
extrinsic,外在的+外来的
intrinsic,本质的-固有的
engage,从事+占用+使参加+雇佣+使订婚
complicated,难懂的-复杂的
productive,能生产的+生产性的+多产的
professional,职业人员[专业的+职业的+职业性的
amateur,爱好者+业余爱好者[业余的+外行的
modest,谦虚的-谦逊的+适度的+端庄的
vary,改变+使多样化
universal,普遍的+通用的+宇宙的+全世界的
ultimate,最终的+极限的+根本的
yield,产量+收益[屈服-投降
attainment,达到+成就+学识
criteria,标准-条件
fame,名声-名望
obtain,获得+流行
seek,寻求+寻找+探索
intellectual,知识分子[智力的+聪明的
contemplation,沉思+注视+意图
astronomy,天文学
asteroid,[天] 小行星
multiply,乘+使增加+使繁殖
decimal,小数/小数的+十进位的
Mercury,水星
Venus,金星
Mars,火星
Saturn,土星
Jupiter,木星
Uranus,天王星
distance,距离+远方
tantalizing,撩人的+逗引性的
astronomical ,天文的-天文学的
skip,跳跃+跳绳+遗漏
pattern,模式+图案+样品
scientific,科学的-系统的
predict, 预报-预言+预知
gravitation,重力+万有引力
attempt,企图-试图+攻击
telescope,望远镜
validity,有效性+正确
faint,模糊的+头晕的+虚弱的
assignment,作业-任务
bulletin,公告
apartment,公寓
administration,执行-管理
enroll,注册-登记
semester,学期
department,院-系
volunteer,志愿
archeology,考古学
assume,猜测-猜想
introductory,引入的-介绍的
agricultural,农业的
barn,谷仓-粮仓-牲口棚
erect,直立
artifact,手工艺品
construct,建造-建立
clay,粘土
pottery,陶器
excavation,挖掘
habitat,栖息地
pollen,花粉
migration,迁徙
ecological,生态的
recapture,重新捕获
category,种类-分类
portray,肖像-画像
suspicious,怀疑的
documentary,纪录片
incorporate,合作
straightforward, 直接了当地
primitive,原始的-原生的
masterpiece,杰作
Paleolithic,旧石器时代的
charcoal,木炭-木炭画
viality,活力-生命
depict,描绘
herbivore,食草动物
utter,彻底的-绝对的
spectroscopy,光谱学
composition,创作-作曲-构图
prism,棱镜-棱柱体
optical,光学的-视觉的
radiation,辐射-放射物
Uranium,铀
compile,编译-编制
assignment,作业-任务
bulletin,公告
apartment,公寓
administration,执行-管理
enroll,注册-登记
semester,学期
department,院-系
volunteer,志愿
archeology,考古学
assume,猜测-猜想
introductory,引入的-介绍的
agricultural,农业的
barn,谷仓-粮仓-牲口棚
erect,直立
artifact,手工艺品
construct,建造-建立
clay,粘土
pottery,陶器
excavation,挖掘
habitat,栖息地
pollen,花粉
migration,迁徙
ecological,生态的
recapture,重新捕获
category,种类-分类
portray,肖像-画像
suspicious,怀疑的
documentary,纪录片
incorporate,合作
straightforward, 直接了当地
primitive,原始的-原生的
masterpiece,杰作
Paleolithic,旧石器时代的
charcoal,木炭-木炭画
viality,活力-生命
depict,描绘
herbivore,食草动物
utter,彻底的-绝对的
spectroscopy,光谱学
composition,创作-作曲-构图
prism,棱镜-棱柱体
optical,光学的-视觉的
radiation,辐射-放射物
Uranium,铀
compile,编译-编制
review,评论-评价
contemporary,当代的
controversial,有争议的
reference,参考
character,角色
critic,批评家-评论家
mate,交配[
ritual,例行公事-老规矩
preen,用嘴整理羽毛
displacement,取代-替代
groom,使整洁
disinhibition,抑制
inhibit,抑制-禁止
stimulus,刺激因素
ruffle,激怒
vertical,垂直的
horizontal,水平的
beak,鸟嘴
perch,栖息处
profound,意义深远的-深厚的
conviction,信念-说服
dismiss,解雇-遣散-搁置
conformity,符合-一致性
consistency,连贯-前后一致
zigzag,锯齿形的
dispute,辩论-争论
municipal,市政的
credit,学分
scratch,擦痛-擦伤
desert,沙漠-荒地
bulldozer,推土机
embed,深留-嵌入
vibrate,震动
tilt,倾斜-歪斜
eliminate,清除-消除
perspective,角度-洞察力
federal,联邦的
depression,萧条时期
institution,组织-机构
endowment,捐赠
council,委员会-政务会
altruistic,利他的-无私心的
substantial,大量的-充分的
plaque,牌匾
culture shock ,文化冲突
campus,校园
academic,学科的-学术的
lecture hall,讲堂
introductory course,入门级课程
material,材料
impersonal,没人情味的
continue,继续
distinguish,区分
office hour,办公时间
feedback,反馈
postive,积极的
common,平常的-普通的
orchestra,管弦乐队
graduate,毕业生+毕业
replacement,替代
audition,试镜-试演
pursue,追求
assignment ,作业-任务
suppose,应该
course,课程
concentrate,集中
form,形式
content,内容
discuss,讨论
approach,方法+接近
unique,独特的
block,封锁
sign up,选课
prerequisite,前提条件
permission,允许
drop back,退课
in-depth,有深度的
previous,先前的
extra reading,额外阅读材料
connection,连接
recommend,推荐
alligator,鳄鱼
escape,逃脱-逃跑
reproduce,繁殖
definition,定义
observe,观察
transmission,转换
analogy,类比
replicate,复制
copy,复制
characteristic,特点
longevity,长度
fecundity,多产
fidelity,真实性
transfer,转换
pass on,传递
exist,存在
accuracy,准确性
principle,原则
original ,原本的
genetic,基因的
mutation,变异
spread,散播-散发
cover,覆盖
argument,观点
compelling,有说服力的
Moon,月球
enormous,巨大的
impact,影响
crater,火山口
locate,定位
basin,盆地
spacecraft,飞船
lunar,月球的
orbit,轨道
equator,赤道
topographical,地形学的
correspond to,相呼应
elevation,海拔
measure,测量
diameter,半径
average,平均
solar system,太阳系
crust,地壳
mantle,地幔
expose,暴露于
convince,说服
contain,包含
penetrate,渗入
composition,组成
formation,形成
data,数据
precise,精确的
planetary,行星的
meteor,流星
estimate,评估
investigate,调查
hydrogen,氢气
underground,地下的
crash into,碰撞
comet,彗星
molecule,分子
pole,极地
frozen,冰冻的+冰冻
evaporation,蒸发
primitive,原始的
melt,融化
purify,净化
component,组成成分
oxygen,氧气
fuel,燃料
exploration,探索
equipment ,装备
permanent,永久的
spectroscopy,光谱学
basic,基础的
definition,定义
interaction,互动
consist of,组成
wavelength,波长
spectrum,光谱
substance,物质
absorb,吸收
element,元素
precisely,精确地
application,应用-申请
discipline,学科
devise,设计-策划
original ,原始的
determine,决定
authentic,权威的
canvas,帆布
brushstroke,笔刷
apply,应用
pigment,颜料
ingredient,成分
composition,成分
detective,可探测的
infrared ,红外线的
microscope,显微镜
compare,对比
method,方法方式
analyse,分析
restoration,重建-重修
damage,损坏-迫害
deteriorate,恶化
reveal,揭露
attempt,尝试
dissolve,溶解
fairy tale,童话
folk tale,民间故事
genre,文体
characterize,个性化
pass down,传递-传承
generation,代
communal ,公共的
reflect,反射-反映
trait,特性-特点
aspect,方面
adapt,适应
plot,情节
constant,保持不变的
modify,修改
creature,生物
version,版本
evolution,进化
identify,鉴定
intend,打算
career fair,招聘会
senior,大四学生
degree,学位
encourage,鼓励
assume,假设
poster,海报
flyer,传单
recommend,推荐
opportunity,机会
recruit,招聘
several ,几个
representative,代表
major,主要的+专业
declare,宣称
interview,采访
particular,特别的
prepare,准备
term paper,论文
come up with,想出
course description,课程描述
dialect,方言
intrigue,引起-欺骗
scope,范围
chapter,篇章
involve,包含
accommodation,适应
topic,话题
depend on,取决于
combination,结合
proposal,提议
economy,经济
expand,扩张
rapidly,快速地
expansion,扩大
hysterical,歇斯底里的
irrational,不理智的
intensify,加强
industry,产业-工业
remote,遥远的
region,地区
merchant,商人
exotic,有毒的
valuable,有价值的
prosperous,繁荣的
commodity,商品
explode,探索
demand,要求
supply,提供
particular,特别的
guarantee,保证
delivery,运输
profit,利润
trade,交易
obtain,获得
collapse,倒塌
species,物种
rare,珍贵的
oak,橡树
remain,保留
hidden,隐藏的
existence,存在
rainforest,雨林
mountain range,山脊
represent,代表
fossil,化石
remarkable,卓越的
resemblance,相似
cluster,簇
reproduce,繁殖
dispersal,分散的
disperse,分散
colonize,入侵
germinate,发芽
expire,失效
limitation,限制
produce,产生
explanation,解释
persist,坚持
indication,表明
decline,下降
stable,稳定的
remnant,残余
character,人物-角色
sketch,展开
obvious,明显的
personality,个性
fictional,科幻的
consciously,有意识地
blend,混合
trait,特性
attribute,属性
fiction,小说
imagination,想象
influence,影响
situation,情况
formulate,形成
dominant,主导的
solidify,固化
consistent,一致的
predictable,可预测的
charge,收费-充电
define,下定义
portray,肖像画
detail,细节
reaction,反应
steretype,固定形态
terminology,术语
opposite,反面的
serve as,作为
tend to,倾向于
introduce,介绍
defeat,打败
humiliate,羞辱
purpose,目的
drastic,激烈的
climate change,气候变化
occurrence,发生
take place,发生
tropical ,热带的
paradise,天堂
indicate,表明
evidence,证据
aquifer,蓄水层
filter,过滤
pollen,花粉
shrub,灌木丛
fossilized,化石的
elephant,大象
giraffe,长劲鹿
variation,变化
monsoon,季风
migration,迁移
seasonal,季节的
rainfall,降雨
migrate,迁移
dynamics,动力
motion,运动
angle,角度
abrupt,突然的
climate shift,气候转变
compound,化合物
decrease,下降
vegetation,植被
moisture,湿度
evaporate,蒸发
retain,保留
valley,山谷
connection,连接
flourish,繁荣
hypothesize,假设
temporary,暂时的
drought,干旱
impetus,动力
essay,散文+随笔
draft,汇票+草稿+起草+制定
graduate,授予学位-毕业+毕业生+毕业了的
dean,学院院长-系主任
Anthropology,人类学
department,部门-部+系
bulletin board,公告板
offer,提供-给予
thoughtful,沉思的+体贴的+
couple,对-双
administrative,管理的-行政的
assistant,助手-助理+
compile,编译+编制+编辑
database,数据库-资料库
article,文章
faculty,全体教职员+科-系
publish,出版-发行+发表
hesitate,犹豫-踌躇
field research,实地调查
versatile,多用途的+多才多艺的+
influential,有影响的+有影响力的人物
biology,生物学+生物
speciation,物种形成
species,物种+种类
isolate,使隔离-使孤立+隔离的-分离的 
distinct,明显的-清楚的+卓越的
linguistic,语言的-语言学的
project,放映+计划
theater,剧场+戏剧
realism,（文艺的）现实主义
drama,戏剧-剧本
pattern,模式+花样+以图案装饰
comedy,喜剧+喜剧性
playwright,剧作家
plot ,情节+为（文学作品）设计情节
scene,场面-现场
play,比赛+游戏+戏剧+玩+演奏
playwriting,剧本创作
biology,生物学+生物
acoustical,听觉的-声学的
spectrum,光谱+波谱+范围+系列
ultrasound,超声+超声波
echo,回声-共鸣+被重复+产生回响
navigation,航行
predator,食肉动物-捕食者
prey,被捕食的动物+捕食
emit,发出+发射
distinguish,区分-辨别-分清
radar ,雷达
student orientation,新生入学介绍会
major,主修科目+主要的
section,部分+节+部件+部门
concentrate ,专心于+注意+集中
research,研究+从事…的研究
transfer student,转学生
loan,借+贷款+借款
inter-library loan service,馆际间互借服务
resource,资源+物力
photocopier,复印机
collection,收集-采集+收藏品
rare book,珍藏书
preserve,保护+保持-保存
permission,允许+批准
access,入口-出口-接近
Anthropology,人类学
prevalent,流行的-盛行的
bark,树皮+吠叫
canoe,独木舟+划（乘）独木舟
stream,河流-小河-趋势
transportation,运送-运输
vessel,容器+船-飞船+血管
sturdy,强壮的-健全的+坚固的
branch,树枝+分支+部门+分支形成
stitch,缝+缝补
cargo,货物+负荷
maneuverable,容易操作的-有机动性的
portage,陆上运输
alliance,结盟-同盟-联盟
federation,联邦-同盟+联盟
impression,印象-感觉
lodging,出租的房间+暂住+
glacier,冰河-冰川
crystallize,使结晶+使成形
gravity,重力+万有引力
bedrock,基岩
friction,摩擦+冲突
deformation,变形
brittle,易碎的
shatter,使破碎-使碎裂
extension,伸展-扩大+延长
compression,压缩-压紧
crevasse,裂缝
constrict,压缩-压紧
fissure,分裂+裂开
surge,汹涌+大浪
registrar,登记员+教务主任
graduation,毕业+毕业典礼
diploma,毕业文凭+学位证书
requirement,要求+必要条件
credit,学分+信誉+归功于
intermediate,中间的-中级的
course,课程
intro course,
supplement,增补-补充+补充物
arrangement,安排+排列
certify,证明
deadline,截止期限
passive,被动的+消极的
habitat,栖息地-住处
selection,选择
disperse,分散-（使）散开+散播
reproduce,复制-重现+繁殖
organism,有机体+生物体+微生物
physically,体格上-身体上+物理上
breed,繁殖+养育+属+种类+类型
offspring,后代-子孙
survival,幸存-生存
preference,偏爱+优先权
destruction,破坏-毁灭
shallow,浅的-肤浅的+浅处
vulnerable,易受攻击的+易受伤的
artificial,人造的+人工的+虚假的
suitable,合适的-适当的
exhibit,陈列-展览+呈现
shrub,灌木+灌木丛
bush,灌木（丛）
dominant,占优势的+统治的
reproductive,富有成效的+多产的+生产性的
density,密度+稠密
dense,密集的-稠密的
suitability,合适-适合+
academy,专科学校+学会-学院
adopte,采用-采取-采纳+收养
establish,建立-创建
studio,工作室-画室
sculpture,雕刻（术）-塑像+雕刻品
salon,沙龙-客厅+画廊+美术展览会
masterpiece,杰作-名作
depict,描绘-描画
chapter,章-回
textbook,教科书+课本
issue,问题+（报刊的）期+发行物+发行
author,著作家+作者
presentation,陈述-报告
literacy,识字+有文化
literate,有读写能力的+有文化修养的
invent,发明-创造
quartz,石英
magnify,放大+赞美
optical,视觉的-视力的
alternative,替代的+备选的+可供选择的事物
intelligence,智力+聪颖
symbolize,象征+标志
affluence,富裕+富足
available,可获得的+有空的
periodic table,周期表
prediction,预测-预报
element,元素+要素+原理
category,类型-部门-种类
property,特性-属性+财产-地产
atomic,原子的+原子能的
atom,原子+原子能
proton,[物]质子
spectroscopy,光谱学
Masurium,鎷（元素锝）
Technetium,锝
Uranium,[化学]铀
isolate,使隔离-使孤立
sample,样品-华样+标本
convince,使相信-说服-使承认
synthesize,综合+人工合成
artificial,人造的+人工的
radioactive,放射性的
decay,腐烂-腐朽
ore,矿+矿石-矿砂
fission,分裂-裂变
acdemia ,学术界+学术生涯
manufacturer, 制造商+[经] 厂商
administration, 管理+行政+实施+行政机构
FDA,食品及药物管理局
floating ,漂浮
package,包-包裹+一揽子
packaging,包装+包装业-包装风格
foodborne ,食物传播的
bacteria ,细菌
preliminary,初步的-预备的
overwhelm, 淹没+压倒+受打击
opaque,不透明的+不传热的
carton,纸板箱
container,集装箱+容器
flavor,情味-风味+香料
nutritional, 营养的+滋养的
dairy, 奶制品+乳牛+制酪场
senior paper,毕业论文
extended borrowing privilege ,延期还书特权
recalled,召回+回想起
chapter,章-回+
suspended ,悬浮的+暂停的-缓期的
knack ,诀窍+本领
illusion, 幻觉-错觉+错误的观念或信仰
rigid, 严格的+僵硬的-死板的+
dimensional, 空间的+尺寸的
elaborate, 精心制作的+
outdo, 超过+胜过
sythesize, 合成+综合
multimedia,多媒体
constraint ,约束+局促-态度不自然+强制
unified,统一的+一致标准的
emphasis, 重点+强调+加强语气
mechanical ,机械的+力学的
horizon,地平线+视野+眼界+范围
foreground , 前景+最显著的位置
decade,.十年-十年期
tundra, [生态] 苔原+[地理] 冻原+冻土地带
percipitation, [化学] 沉淀-[化学] 沉淀物+冰雹+坠落
thaw,解冻+融雪
permafrost ,永久冻土-永久冻地+永久冻结带
impermeable,不渗透性的+
interfere, 干涉+妨碍+打扰
arctic, 北极的+极寒的
microbe, 细菌-微生物
microscopic,.微观的+用显微镜可见的
organism, 生物体
nitrogen ,[化学] 氮
penetrate , 渗透+穿透+洞察
insulating ,绝缘的+隔热的
nutrient , 营养物+滋养物
run-off ,流量-溢流+
drift,漂流-漂移+
insulate, 隔离-使孤立
microbial , 微生物的+由细菌引起的
loop, 环+圈
abundant ,丰富的+充裕的+盛产
semiarid, 半干旱的+雨量非常少的
prairie,大草原+牧场
thrive,繁荣-兴旺+茁壮成长
peninsula ,半岛
desolate, 荒凉的+无人烟的
barren,荒地 贫瘠的+不生育的
monsoon, 季风+
dot,点-圆点
basin ,水池+流域+盆地+盆
limestone, [岩] 石灰岩
butte,孤峰+孤立的丘
torrential, 急流地+猛烈地
soak, 浸泡+渗透
dune,（由风吹积而成的）沙丘
particle,颗粒+[物] 质点+
clay,[土壤] 粘土+泥土
silt, 淤泥-泥沙+
hollow, 空的 洞+山谷+窟窿
ridge, 山脊+山脉+屋脊
ecosystem,. 生态系统
fossil,化石+
hippopotamus, [脊椎] 河马
buffalo, [畜牧][脊椎] 水牛
mammal,[脊椎] 哺乳动物
primate,灵长类的动物-首领
orangutan, [脊椎] 猩猩
chimpanzee ,[脊椎] 黑猩猩
gorilla,n. 大猩猩
pramatic,实际的+实用主义的
instinctive,本能的+直觉的+天生的
rodent,adj. 啮齿类的-. [脊椎] 啮齿动物
burrow,探索-寻找+挖地洞-
primitive, 原始的-远古的+
discreteness,组件+不连续性（目标对于背景的显明度）
coyote, 一种产于北美大草原的小狼
discrete, 离散的-不连续的
utter, 发出-表达+发射
hawk,清嗓+咳嗽-鹰
at stake,有风险的
refund,退还+偿还-归还
merchandise,补偿-弥补
withdraw,撤退+收回+撤消+拉开
miscalculate,算错+估计错误
syllabus,教学大纲-摘要
dweller, 居民-居住者
skull, 头盖骨-脑壳
aquatic,水生的+水栖的+
limb, 肢-臂+分支
skeletal,. 骨骼的-像骨骼的+
pelvis,骨盆
descendant,下降的+祖传的-后裔+子孙
revelation, 启示+揭露+出乎意料的事+
controversy,争论+论战+辩论
molecular, [化学] 分子的+由分子组成的
sperm whale,巨头鲸+[脊椎] 抹香鲸
baleen whale,须鲸
ingredient ,原料+要素+组成部分
,adj. 构成组成部分的
squash,把…压扁+壁球+挤压+咯吱声+南瓜属植物+
hungarian,匈牙利的
nightshade, 茄属植物
inedible,a不能吃的
poisonous,adj. 有毒的+恶毒的+讨厌的
conventional, 符合习俗的-传统的
restrain ,. 抑制-控制+约束
greenish,. 呈绿色的
maize, 黄色的-玉米色的-玉米
subsist, 存在+维持生活
nutritious, 有营养的-滋养的
nitrogen ,[化学] 氮
carbon , [化学] 碳
phosphrous,磷
fertilizer, [肥料] 肥料+受精媒介物
decompose, 分解+使腐烂
algae,[植] 藻类+[植] 海藻
excessive,过多的-极度的+过分的
clog,阻塞+障碍
sediment,沉积+沉淀物
submerge,淹没+把…浸入+沉浸
erode, 腐蚀-侵蚀
substantial,大量的+实质的
amnesia, 健忘症-[内科] 记忆缺失
cognitive,认知的-认识的
symbolically, 象征性地+象征意义地
stimuli, 刺激+刺激物+促进因素
replicate,重复+复制品
course,课程-路线
entitle,使有资格-给与…权利-称做
separate,分离+区分+隔开
work,工作-使产生效果
access,接近-进入-使用
equipment,设备-装备-（工作必需的）知识
check,支票-检查-在…上打勾
schedule,清单-预定计划-安排
register,登记-注册
instructor,指导者-教师
enroll,注册-登记-加入
semester,学期
convince,使相信-说服
assess,评定-估价
appointment,约会-预约-任命-职务
jot down,匆匆记下
qualified,有资格的-胜任的[描述-形容
applicant,申请人-求职人
interview,采访+面试
process,过程+工序
committee,委员会
academic,学院的-大学的[学者+大学教师
candidate ,报考者+申请求职者
perspective,透视的+望远镜+观点
behavior,行为
distraction,注意力分散
display,陈列品-展览品[ 陈列
predator ,以掠夺为生的人+捕食其他动物的动物
species,物种+种类
opposite,相对的+对面的
approach,方法+接近
draw ,画+拉
engage,吸引住+从事
injury,损害+受伤处
exhaust,耗尽+使精疲力尽
impression,印象-感觉
illusion ,错觉+幻想
feather,羽毛
swirl,旋转-打旋
squeeze,挤-榨
conspicuous,明显的+显而易见的
mature,成熟的
capable,能干的
hatch,孵化
detour,绕路-绕道
residential,住宅的-适于作住宅的
function ,功能
structure ,结构
region,地区-地域
narrow ,狭隘的+狭窄的
particular ,特别的+详细的
principle,原则-原理
concept,观念-概念
practical ,实践的-实际的
accurate,精确的
expose,揭露-揭发
compact ,压紧-（使）坚实
steep,陡峭的-浸泡
angle,（考虑、问题的）角度
accumulate,堆积-积累
efficient,有效率的
typical, 典型的
harsh,粗糙的+刺耳的+严厉的
reflection,反映
dwelling,住处-处所
decorate,装饰+点缀
rural ,乡下的
survival,幸存-生存
conformity ,符合+一致
imitate,模仿
precisely,精确地
aesthetic,美学的+有关美的
appeal,（迫切）要求+有吸引力
purity,纯度+纯洁-纯净
proportion,比-比率
enduring,持久的-不朽的
vegetation,植物（总称）-草木
citric ,柠檬的-采自柠檬的
mild,温柔的+温暖的
crop,农作物
marshy,沼泽的
surface,表面+外观
ecosystem,生态系统
adaptation,适应-顺应
drainage,排水-放水
susceptible,易受影响的+易受感染的
impact,碰撞-冲击
release,释放
moisture,水分+湿气+潮湿+降雨量
estimate ,估计-预测
reconstruct,重建+重现
predict,预言-预测
dramatic,戏剧性的+引人注目的
systematic,有系统的-有规则的+有条不紊的
potential,潜在的-有可能的
avenue,林荫路+大街
majority,多数
target,对象+目标[把…作为攻击目标
budget ,预算
advertise,做广告-做宣传
purchase,购买
disastrous,灾难性的
expect,期望+预料
settle,解决+安排+使定居
revise,修订+改变
rewrite,书面答复+重写
swamp,沼泽（地）+湿地[忙得不可开交
deadline,最后期限+截止期限
effort,努力-尝试
ambition,抱负+渴望得到的东西
assignment ,工作-（课外）作业
stick,棍棒-棍枝[粘贴+张贴
tangential ,次要的+外围的
argument,争吵+论据
struggle,打斗+竞争+奋斗
wander off topic,跑题
paycheck,支票-薪水
account ,账-账目[把…视作
deposit,储蓄-存款[安置+付保证金
automatically,自动地+无意识地
payroll,工资名单+工资总支出-工薪总额
period,时期+（一段）时间
crash,碰撞+崩溃
form,表格[形成+构成
due,到期的
cell,细胞+小牢房
observation,观察+观察力
nerve,神经+勇气-胆量
divide ,分+划分+分离
renew,重新开始+使更新+使恢复
organ,机构+器官
tissue,薄纸-棉纸+[生]组织
genetic,遗传的+基因的
Chromosomes ,<生>染色体
length,长度+时间的长短
complex,复杂的
spring,春季+泉水+弹簧[突然发出或出现
coil,卷-盘[盘绕
 stretch,伸展+延伸
 gene,<生>基因
sequence,[数]数列-序列[安排顺序
determine,下决心-（使）做出决定
fraction,一小部分-些微
 convert,转变+使皈依+兑换
assumption,假定-假设
 repetitious,重复的-反复的
plastic,塑料制品+可塑体
unravel,解开-拆散
 thread,线索+线状物[针、线等）穿过…
 telomere,端粒（在染色体端位上的着丝点）
 damage,损害-毁坏
regardless,不顾后果地+不管怎样
 analyze ,分析+分解+解释
enzyme,[生化]酶
rebuild,重建+重新组装
resemble,与…相像-类似于
reproduce,复制-重现
essential,基本的+必要的[必需品
virtually,实际上-实质上
immortal,不死的+永恒的-不朽的
aspect,方面+面貌
perceive,意识到+察觉
preference,偏爱+优先权
strength,力量+优点+力度
executive,执行的+管理的
radical,基本的+激进的[激进分子+根基
scale,规模+比例
pretend ,假装-伪装
frequent,频繁的-时常发生的
combination,结合+联合体
manufacture,制成品[制造-生产
prattle,闲扯+东拉西扯
opera,歌剧+歌剧艺术
refer,提到+针对+关系到
drama,戏剧-剧本
commonplace,平凡的-陈腐的[寻常的事物+平常话
commercial,商业的+贸易的[（电台或电视播放的）广告
primarily,首先+首要地
religion,宗教+支配自己生活的大事
considerable,相当大（或多）的+该注意的
persecution,迫害-烦扰
restive,焦躁不安的+难以驾驭的
melodious,有旋律的
classical ,古典的-经典的
literature,文学+文学作品
rhythm,节奏-韵律
solo,独唱（曲）-独奏
dominate,支配-影响
mythology,神话学+神话
plot,情节
adjustment,调解-调整
elite,精华+精锐
alternative,替代的+备选的[可供选择的事物
source,根源-本源
solar,太阳的-日光的
diffuse ,散开的[发散
primitive,原始的+发展水平低的[原始人+早期的艺术家（作品）
greenhouse,温室-花房
complex ,建筑群[复杂的+难懂的
panel,镶板+面[选定（陪审团）
plumbing,水管装置+水暖工的工作[探究
,
drawback,缺点-劣势
utility,有多种用途的[功用-效用
assign,分配
clarify,澄清
observation,观察
synthesis,论文
pre-operational,操作前的
cognitive,认知的
primarily,主要的
egocentric,自我中心的
perspective,观点
exhibit,展示
demonstrate,展示
reserve,预留+储存
attendant,参与人员
series,系列+从书
collection,合集
retail,零售
financial,金融的+财政的
steady,稳定的
suburbs,郊外
residential ,居住的
pedestrian,步行的
fountain,源泉
off-limit,禁止进入的
bustling,热闹的
congestion,阻塞
originate,引起
Proximity,接近
accessibility ,可及性
aesthetically,美学地
theoretically,理论上地
hub,中心
terminal,终点站
ingredient,配料
decorative,装饰性的
appealing,吸引人的
ecological,生态的
interrelationship,相互关系
interdependent,相互的
beaver,海狸
ecosystem,生态系统
 waterway,排水沟
log,伐木+原木
dam,水坝+筑坝
swiftly,迅速地
sediment,沉淀物
wetland,沼泽
soak,浸泡
extinct,灭绝+灭绝的
keystone,楔石
restriction,限制
category,目录
medieval,中世纪的
evoke,唤起
provoke,唤起
rhythm,韵律
nobility,高贵
knight,骑士
conflict,冲突
sacrificial,牺牲的
noble,高贵的
patriotic,爱国的
solitary ,孤独的
companion,同伴+陪伴
engage,从事
upright,正直的
motivation,动机
psychology,心理学
emerge,出现+浮现
synonymous,同义的
troubadour,游吟诗人
biographical,自传的
fictitious,虚构的
scrape,刮+刮痕
luxury,奢侈品
meteorite,陨石
interplanetary ,行星间的
terrestrial ,天体的
comet,彗星
asteroid,小行星
debris,残骸
analogous,可比拟的
methane,甲烷
particle,粒子
mineral,矿物质
nickel,镍
indistinguishable,无法区分的
judicial,公正的
chapter,章节
re-shelved,重新上架
short-staffed,缺少人手的
replacement ,替代
swamp,沼泽+使陷入困境
schedule,计划表+安排-计划
byline,署名
hooked,入迷的
knack,诀窍
journalism ,新闻学
transfer,转换
clip,剪
striving,努力
Constitutional,宪法的
elective,选任的
entitled,有资格的
mental ,精神上的
perceive,感知
limitation,极限
photoreceptor,光感受器
nerve,神经
tap,开采
judgment ,判断+裁决
bias ,偏见
accurate,精确的
regulate,管制
burrow,洞穴
microclimate,微气候
variable,可变的
shaded,荫蔽的
squirrel,松鼠
forage,搜寻
perspire,汗水
reptile,爬行动物+爬行类的
precise,精确的
decomposition,分解
unwittingly,不知不觉的
seafarer,船员
navigational,导航的
Viking,维京人
Polynesian,波利尼西亚人
Micronesian,密克罗尼西亚人
equator,赤道
partitioned,分区的
symmetrically,对称地
identically,一样地
discern,察觉
chaotic,混乱的
constellation,星座
zenith,顶点
latitude,纬度
associated ,关联的
estimate,估计
monumental,纪念碑的
Egyptian,埃及
pyramid ,金字塔
Neolithic,新石器时代的
tomb,坟墓
chamber,室
overlapping,重叠的
ceiling,天花板
miraculous,神奇的
echo,回声
chorus,合唱队+合唱
intriguing,令人感兴趣的
deafening,震耳欲聋的
 acoustics,声学
worshiper,崇拜者
Resonance,共鸣
constant,恒定的
intensely,密集地
mysteriously,神秘地
agitate,使激动
profound,深远的
dizziness,眩晕
faculty,教学人员
advisor,指导人员
journalism,新闻学
resume,简历
outlines,提纲
introductory courses,基础课程
tuition,学费
fees,费用
cover,报道（新闻）+负责
enrollment,注册
address problem,解决问题
proceeding,进程开始
distraction,干扰
concentration,专注
Cognitive Failures,认知功能失调
questionnaire,问卷调查
rate,打分
forgetfulness,健忘
objective,客观的
subjective,主观的
press key,按键
perceive,感知
low priority,非优先信息
brainscanning,脑补扫描
sensation of movement,运动的感知
cortex,大脑皮层
visual stimuli,视觉刺激
reaction time,反应时间
categorize,分类
upper case,大写
lower case,小写
distinguish,分辨
syllable,音节
star field,星域
block out,阻隔
count,数
capacity,容量
Pleistocene epoch,更新世（亦称洪积世-冰川作用活跃的时期）
Holocene epoch,全新世（11500年前至今-是最年轻的地质时期）
Anthropocene epoch,人类世
sediment,沉积物
gravel ,沙砾
glacier,冰川
approximate,粗略估计
geologic ,地质的
fossil fragment,化石碎片
erosion=weathering,侵蚀风化
CE=Common Era,公元后
industrial revolution,工业革命
fossil fuel,化石燃料
methane,甲烷
deforestation,森林砍伐
stress,强调
track meet,田径运动会
Athletics,竞技
exemplary,超凡的
microscope,显微镜
onion cells,洋葱细胞
diagram,图标+在图上标记
interpret,解释
stage of cell division,细胞分裂的阶段
straight=consecutive,连续的
intense focus,高度集中精力
shift gears,换挡
absorb,吸收
blank out,大脑空白一片
squeeze,挤压
parchment,羊皮纸
palimpsest,（循环利用的）羊皮纸手稿
papyrus scrolls,莎草纸卷
manual scripts,手稿
stretch,拉伸
tension,拉力
durable,耐用的
costly,贵的
customary,习惯的
scribe,抄写员
monk,修道士
monastery,修道院
ink,墨水
abrasive,研磨料（如砂纸）+粗糙的
decipher,破译
Archimedes,阿基米德
The Method,方法论
art auction,艺术拍卖
prayers book,祈祷书
Mathematical theorems ,数学理论
art conservation,艺术品修复
ultraviolet light,紫外线
iron,铁
X-ray imaging,射线成像
medieval,中世纪的
over-writing,重写
biological community,生物群落
waste recycling,废物循环
secrete,分泌
photosynthesis,光合作用
chemosynthetisis,化学合成
hydorthermal vents,深海热泉
hydrogen sulfide,硫化氢
tube worm,管蠕虫
digestive organs,消化器官
weekly quiz,每周测验
cracks,缝隙
deep-sea vessel ,深海船
rule out,排除可能
facility,设备
choir,教堂的唱诗班+唱诗队
rehearsal,排练-排演+彩排
total,总计的（金额等）+全部的
nightmare,噩梦+<口>可怕的事情
construction,建筑物+建造
addition,加-增加-附加
laboratory,实验室
bulldozer,推土机
assume,假定-认为
reschedule,重新安排
switch,转变-改变
ensemble,全体
acoustic,acoustic
coincidence,巧合+一致+同时存在
auditorium,听众席+礼堂+会堂
flexible,灵活的+易弯曲的
commitment,承诺-致力-献身
semester,学期+半学年
cave,洞穴+〈方〉地窖
briefly,短暂地+简单地+简略地
form,形成+构成
sulfuric,<化>（正）硫的
acid,酸味的+尖刻的
deposit,储蓄-存款+沉淀物
bacteria,细菌
diagram,图表+图解+示意图
limestone,石灰岩-石灰石
permeate,弥漫+遍布
be suppose to,应该-被期望
crack,裂缝+试图+缝隙
hydrogen,<化>氢
sulfide,<化>硫化物
fissure,狭长裂缝或裂隙+裂伤
agressively,侵略地+攻击地
flow,流动
carbonic,碳的-由碳得到的
dissolve,溶化的
typical,典型的+特有的或特别的+代表性的
exaggeration,夸张+夸大
evidence,证词+证据+
maze,迷宫+迷惑
involve,包含+使参与-牵涉
residue,残余-残渣+余渣
gypsum,石膏
soluble,[化] 可溶的+可以解决的
dormant,潜伏的-蛰服的-休眠的+静止的
rotten,腐烂的+恶臭的
formation,形成+构成
variety,多样+种类+杂耍+变化-多样化
elaborate,精致的
impressive,给人印象深刻的-感人的
genre,类型-种类
patronage,资助-赞助
patron,赞助人-资助人+顾客
compose,组成-构成+创作
transverse flute,横笛
significant,重要的+有意义的
instrument,仪器+手段-工具+乐器+
organ,机构+器官+风琴
harpsichord,有键竖琴-羽管键琴-大键琴
profound,深厚的+意义深远的
impact,冲击-撞击+影响
combination,结合+联合体
percussion,敲打-碰撞+振动
classify,分类-归类
string,绳子-带子+弦
quill,刺+羽毛管
pluck,拉-拽
dynamic,动态的+动力的+动态+动力
capable,能干的+有才能的
convey,表达
essential,基本的+必要的
dominate,支配-影响
coincide,与…一致+意见等相同+相符
refine,提炼+改善+
proportion,比-比率++面积+相称
available,可获得的+有空的
previous,先前的+以前的
harp,竖琴
refinement,精炼-提纯
talent,天资-才能+天才
dramatically,戏剧性地-引人注目地
composer,作曲家
recital,独唱会+独奏会+小型音乐会
track,追踪
landmark,里程碑
ironic,讽刺的
midsummer,仲夏的
dramatic,戏剧的
transient,短暂的+瞬变现象+候鸟
subsequent,后来的
Upper Paleolithic Period,旧石器时代
cave drawing,岩洞绘画
portable works of art,便携式艺术作品
hood,兜帽+戴兜帽的
ivory,象牙
mammoth,猛犸象+庞大的
tusk,（象）牙+用牙抵（或刺）+有獠牙的
stratigraphy,地层学
stratum（strata）,层+尤指岩层
intact,完整的+原封不动的
discard,丢弃+抛弃
stratification,成层法+分层法+层化作用
radiocarbon,放射性碳素+炭素的放射性同位元素
radiocarbon dating,放射性碳测定年龄
chemical analysis,化学分析
organic stuff,有机物
decay,放射性衰变
charcoal,木炭+炭笔
dye,染料+染色
chip off,削去
analogy,类比
climate variation,气候变化
orbit,轨道+绕轨道运行
solar energy,太阳能
circular,圆形+圆形的+环绕的
oval,椭圆形+椭圆形的
elliptical,椭圆的
hemisphere,半球
glacier,冰川
axial tilt,轴面刃倾角+轴向倾角
axis,轴+轴线
precession,岁差（地球自转角度的渐次变化-使每年的春分点及秋分点比上年略为提前）.
axis of rotation,转角+转动轴+自转轴
cyclical,循环的
skeptical,怀疑的+多疑的
calcite,方解石
oceanographer,海洋学者
switch,转换
spot,地点+玷污+现场的
audition,试音+试唱
peel,果皮+剥
ingredient,原料
Ancient Egyptian Calendar,古埃及日历
timekeeping,计时
obligation,职责+义务
address,解决
Nile River,尼罗河
inundation,淹没+泛滥
subsidence,沉淀+下沉
submerge,潜入水中+淹没
recede,（潮水）退去+后退
fertile black silt,肥沃的黑色淤泥
barley,大麦
phase,阶段+（月球的）位相-消长盈亏（新月﹑ 满月等）
the phases of the moon ,月相
lunar cycle,月龄周期+
inundate,v.浸水+淹没
lunar calendar,阴历
Sirius,天狼星
heliacal rising,偕日升
fluctuate,涨落+波动
bureaucratic,官僚政治的
octopus,章鱼
defense mechanism,防卫机制+自卫机能
prey,被捕食者
predator,捕食者
species,物种
Proteus,变形杆菌
texture,质地+外观+使具有某种结构
speckled,有斑点的
coral,珊瑚+珊瑚的+珊瑚色的
chromatophore,载色体+色素细胞
sack,囊+把…装进袋里
contract the muscle,收缩肌肉
mimic,巧于模仿的人+复写品或仿制品+模仿+拟态+模仿的
resemble,与某物相似+类似
projection,突出部分+投射
papillae,乳头+乳突
squirt out,喷射+喷出
distract,转移+分散
nestle up ,使自己舒服的倚着、靠着某物
employment ,雇用+使用+职业+有益的活动
host,主任+主人-东道主+节目主持人+主办-主持
financial aid,经济援助
extend,延展
staff ,全体职员+管理人员+任职于+职员的
picky,挑剔的+吹毛求疵的
astronomy,天文学
heavenly body,天体
telescope,望远镜
planet,行星
hypothesis,假设-假说（复数hypotheses）
circular,圆形的-环行的+通告
prevailing,占优势的-主要的-盛行的
lopsided,两侧不匀称的-向一侧歪斜的
feature,特征-特点-容貌+描写…的特征
random,随机的-任意的+偶然的行动
solar,太阳的-日光的
toss,（轻轻或漫不经心地）扔-（为……）掷硬币决定
toss around,翻来覆去
visible,明显的-可见的
breakthrough,突破-穿透-重要技术成就
observatory,天文台-气象台-瞭望台
detect,查明-发现-洞察-侦查
keep track of,记录-保持联系
geomagnetic,地磁的
variation,变化-变动
fluctuate,波动-涨落
semester,（尤指美国的大专院校的）学期
account for,对……负责-说明（原因、理由等）-导致-引起
exert,施加（影响、压力等）
ancient Roman sculpture,古罗马雕塑
portrait ,肖像
bust,半身像+打破-打碎
commemorate,纪念
relief sculpture,浮雕雕刻
statue,雕像+塑像+用雕像装饰
Emperor Augustus,奥古斯都（罗马帝国第一代皇帝）
imperial,帝国的+帝王的
plaster cast,石膏像+石膏模型
mold,模型+模子+塑造+浇铸
marble,大理石+大理石的+冷酷无情的
bronze,青铜+铜像+青铜色的+青铜制的
emergence,出现-发生+暴露
academic,学术的+学院的-大学的-学会的+学者+大学教师
discipline,门徒+训练+纪律+使有纪律+处罚+使有条理
solid,固体+固体的+实心的
outline,轮廓-外表+梗概-大纲-草稿-要点+概述+略述
volunteer,志愿者+自愿的-志愿的+自愿去做
department,部门+部+系-学部
indicate,表明-标示-指示+象征-暗示
attractive,有魅力的+引人注目的+迷人的
economics,经济学+经济
marketing,销售-营销+市场学+出售+为出售提供
flexibility,柔韧性-机动性
schedule,课表-日程表+安排+将…列表
certificate,证书-执照+文凭+用证书证明
spice,香料+加香料于
spurring,刺激-策（马）前进
aromatic,芳香的+芳香植物
cinnamon,肉桂+桂皮+肉桂色的
ginger,姜+姜黄色的+使有活力-使兴奋
flower bud,花骨朵+花蕾
clove,丁香+劈开
pepper,胡椒+在…上撒胡椒粉
maize,玉米+玉米色的
nutmeg,肉豆寇
rarity,稀有+罕见
diplomacy,外交
ambassador,大使+使者
bland,无味的+清淡的
aristocracy,贵族+上层社会
spoiled ,腐烂的-变质的-被宠坏的
humiliating,不怎么光彩的-丢脸的-羞辱性的
fine,罚款+罚金
preservative,防腐剂+防腐的
be shrouded in,笼罩在……气氛中
allure,诱惑+引诱
ward off,避开+挡住
perfume,香水+香料+使…充满香气
incent,刺激…采取行动-激励
wood frog,林蛙
tosspot,酒徒-醉汉
Arctic Circle,北极圈
ice crystal,冰晶+冰晶体
freeze,结冰+凝固
organ,器官
lung,肺
liver,肝脏+肝味的+深赤褐色的
puddle,水池+水坑+使泥泞+把…做成胶土+搅炼
glucose,葡萄糖
solution,溶液
antifreeze,防冻剂+抗凝剂
clinically,临床的+通过临床诊断的+冷静地-客观地
revive,使苏醒+复活
thaw,融化+解冻
lifespan,寿命
longevity,长久性+长寿+寿命
syntax,句法
phonology,音韵学
semantics,语义学
Sanskrit,梵语
source language,源语言
trace back,追溯
ancestry,祖先
family tree model,家谱模型
mother language,母语
radio Astronomy,射电天文
Optical Astronomy,光学天文学
Milky Way,银河系
Galaxy,银河系
observatory,天文台
radio wave,无线电波
photon,光子
water droplet,小水滴
illuminated,发光的
ambient light,环境光线
gauge,计量器
salt marsh,盐沼
genus,动植物的属
saline,含盐分的
osmosis,渗透作用
osmotic,渗透的
dehydrate,脱水
concentration,浓度
excrete,排泄
shimmer,闪烁
air tube,空气管
stem,茎
reddish,略带红色的
mud,泥
iron sulfide,硫化铁
iron oxide,氧化铁
rust,锈
anchor,固定
rhizome,根茎
resilient,能复原的
interlock,连结
inflated,膨胀的
snap,断裂
wilt,凋谢
portrait artist,肖像画家
portraiture,肖像画
prestige,威信
expressive,有表现力的
comtemplative,沉思的
vague,含糊的
context,上下文
maxim,格言
relevance,相关联
ambiguity,歧义
sarcasm,讥讽
deceive,故意使某人误解
explicitly,明确地
interglacial period,间冰期
default,缺席
carbon dioxide,融化
methane gas,二氧化碳
greenhouse gas,甲烷气体
lag effect,延迟效应
concentration,浓度
dip,下降
pasture,放牧
composition,组成成分
uncharted territory,未知领域
folk legend,民间传说
folktale,民间故事
revealing,有启迪作用的
Norwegian,挪威的
retain,保持
troll,巨怪
invisibility cloak,隐形斗篷
transformation,变形
heroine,女主角
stock,常用的
comical story,滑稽故事
state of Maine,缅因州
field research,实地调研
adaptation,适应
snowshoe hare,雪兔子
twig,嫩枝
predator,捕食者
camouflage,伪装
shed,蜕皮
furry boots,毛茸茸的靴子
paw,爪子
hop,单足跳跃
lean,瘦-脂肪少的
orientation ,迎新-方向-定位
session,开会-会议+学期
auditorium,观众席
forefront,最前部+前列+第一线
specialize,专门从事+专攻
aerospace  ,航空航天学
prominent,突出的-杰出的
alumni,（男）校友-（男）毕业生+校友( alumnus的名词复数 )
degree,[乐]音阶-度+[数]度-度数+程度+学位
segment,部分-段落+环节
required course,必修课
elective course,选修课
accounting,会计学
endure,忍耐+容忍
overlap,重叠+与…部分相同
allude,暗指+间接提到
resident,居民+定居的
isolate,隔离-孤立
expertise,专门知识或技能+专家的意见
tuition,学费
overview,概观+总的看法
perspective,观点-看法
geocentric,以地球为中心的
revolve,旋转
stationary,固定的+静止的
prevail ,流行-盛行
observation,观察
inconsistent,不一致的+前后矛盾的
intuitive,直觉的+凭直觉获知的+直观的
sensible,明智的+合乎情理的
epicycle,轮-周转圆
complex,复杂的
heliocentric,以太阳为中心的
proposition,命题+建议+主张
constant,不断的-持续的
tendency,倾向-趋势
reject,拒绝+抛弃-扔掉+排斥
calculation,计算
software,软件
code,代码+编码
circuit,电路-线路
moth,飞蛾
debug,排除故障
phase,阶段
bias,偏爱
mentality,心理+智力+思想+
constructive,建设性的+积极的
friction,摩擦+冲突
defect,瑕疵-毛病
proactive,积极主动的+先发制人的
venomous,分泌毒液的+有毒的
secrete,分泌+隐匿
venom,毒液+恶意
viper,蝰蛇+毒蛇+
cobra,眼镜蛇
constrictor,蟒蛇
python,巨蛇
colubrid,无毒蛇类
resemble,与…相像-类似于
reptile,爬行类
descend,下降
protein,蛋白质
skeleton,骨骼+骨架
evolve,进化+发展
ancestor,祖先
ancestry,祖先+血统+系谱
immobilize,使不动-使固定
apparatus,器官+器械
far-fetched,牵强的+不着边际的
portrait,肖像画
portraiture,肖像画法
prestigious,受尊敬的-有声望的
realism,现实主义
expressionism,表现主义
depict,描绘-描画+描述
distort,扭曲+变形
exaggerate,增加+夸张
contradiction,矛盾
elongate,延长-加长
genre,类型-种类+体裁
vicinity,附近+大约的程度或者数量
retraction,收回+撤回
editorial,社论
commentary,解说词+评注+注释
demean,使降低身份-使卑下
satirical,含讽刺意味的-嘲讽的
cosmopolitan,世界性的+世界主义者
cliché,陈词滥调
context,背景+环境+语境
heyday,盛世-全盛期+壮年
choir,合唱团+唱诗班
complexity,复杂性
tribe,部落
chiefdom,酋邦+首领的地位
hypothesize,假设-假定-猜测
surge,汹涌+大浪
strain,拉紧-拉伤+用力拉
spectrum,光谱+波谱+范围+系列
forage,觅食
nomadic,游牧的+流浪的
feasible,可行的+可用的
intensify,增强
hierarchy,层次+等级制度+统治集团
fertile,肥沃的+可繁殖的
valid,有效的+有法律效力的
paradox,反论-悖论+似非而是的论点
pebble,鹅卵石
hydrogen,氢
helium,氦
stellar,星的+星球的
compensate,补偿-弥补
carbon dioxide,二氧化碳
ammonia ,氨
mass,[物理学]质量
luminosity,发光+光明+光度+发光体
astounding,使人震惊的
radical, 激进的+彻底的+
vertebrate,脊椎动物+有脊椎的
fauna,动物群
mega fauna,大型动物
fragmentation,分裂-破碎
Pleistocene,<地>更新世（的）
rewilding,野化
refuge,避难+避难所+庇护者
pivotal,中枢的+核心的+关键的
pronghorn,叉角羚
antelope,羚羊
outrun,跑得比…快+逃脱
trajectory,物]弹道-轨道+[几]轨线
flora,植物群
disperse,分散-（使）散开+散播
herbivore,食草动物
mastodon,乳齿象
presumably ,大概地+据推测
transplant,移植+移种+移民
devastate,破坏+毁灭+蹂躏
graze,放牧+擦伤
orchestra,管弦乐队
cabaret,卡巴莱歌舞表演
accompaniment,伴奏+伴随物
correspond,符合-一致+
compilation,编辑+汇编
original score,原声配乐
compose,为…谱曲
organ,机构+器官+风琴+
announcement ,公告+宣告+发表+通告
submit, 提交+服从
enthusiastic, 热情的+热心的+狂热的
literature,文学+文献+文艺+著作
structure,结构+构造+建筑物+组织+构成+建造
legwork,外出搜集情况的工作
automatically,不经思索的+自动地+机械地+无意识地
specialize,特定化
potential, 潜能+可能性+[电] 电势-潜在的+可能的+势的
genuine,真实的-真正的+诚恳的
recognized, 公认的+经过验证的
appeal,呼吁-请求+吸引力-感染力+上诉+诉诸裁判+
publicity,宣传-宣扬+公开+广告+注意+将…上诉-对…上诉+呼吁-恳求+上诉+诉诸-求助+有吸引力-迎合爱好+（体育比赛中）诉诸裁判
relevant,相关的+切题的+中肯的+有重大关系的+有意义的-目的明确的
schedule ,时间表+计划表+一览表+安排-计划+编制目录+将……列入计划表
approach,方法
poster, 海报-广告+招贴
colleague,同事
archaeology,考古学
discovery,被发现的事物
relativity,相对论+相关性+相对性
civilization, 文明
Mechanism,机制+原理-途径
shipwreck,遇难船
Mediterranean ,地中海-地中海的
extremely,非常-极其+极端地
corroded,侵蚀的-已被腐蚀的
extraordinary,非凡的+特别的+离奇的+临时的+特派的
device,装备
gear,齿轮
original, 原始的+最初的+
rotate,使旋转+使转动
dial,拨号
indicator,指示器
phase,阶段
constellation,星座+星群
display,显示+表现+陈列
motion,动作+移动
relative,相对的+有关系的+成比例的
inscription,题词+铭文+刻印
cargo,货物-船货
evidence , 证据-证明+迹象+明显
fascinating,迷人的+吸引人的
absolute ,绝对的+完全的
conclusive ,决定性的+最后的+确实的
eclipse,日蚀-月蚀
irregularity,不规则+无规律+不整齐
Religious, 宗教的+虔诚的+严谨的+修道的
planetary,行星的
symbolic ,象征的+符号的+使用符号的
heating,加热
cumulative,累积的
radiation,辐射+发光
albedo,（行星等的）反射率
rainforest,（热带）雨林
transparent,透明的+显然的
transmit,传输+传播+发射
predominate, 支配-主宰+在…中占优势
exceptionally, 异常地+特殊地+例外地
formation, 形成+构造+编队
microorganism, 微生物+微小动植物
interact,互相影响+互相作用
oxygen,氧气-氧
implication,含义+可能的结果-影响
psychological,心理的+心理学的+精神上的
tackle,处理
stream of consciousness,意识流
objective,目的+目标
monologue,独白
insight,洞察力+洞悉
chronologically,按年代地
narrator,叙述者+解说员
dialogue,对话
privilege,特权+优待+基本权利
dilemma,困境+进退两难
advanced,先进的+高级的
foundation, 基础
literary, 文学的+书面的+精通文学的
criticism,批评+考证+苛求
exception,例外+异议
marine, 船舶的+海生的+海产的
navigate, 驾驶-操纵
dolphins,海豚
vocalization,发声-发音
emit,发出-放射+发行+发表
blowhole,喷水孔
echolocation,回波定位+回声测距+回声定位能力
sense,感觉-功能+观念+道理+理智
nasal ,鼻的+鼻音的+鼻骨+鼻音
sacs,囊-液囊
dense,稠密的+浓厚的+愚钝的
medium,中间的-中等的
merrily,愉快地+高兴地
density, 密度
bounce,跳+弹力+活力
broadcast,播送-播放
tissue,组织+纸巾
acoustical ,声学的+听觉的+音响的
property,性质-性能+财产
jaw, 颌+下巴
modify,修改-修饰+更改
velocity,速度
precisely,精确地+恰恰
bursa, 囊+黏液囊
rear,后面+屁股+后方部队
wave,波动+波浪
core, 核心+要点
minimal,最低的+最小限度的
vibration,振动+犹豫
primarily,首先+主要地-根本上
capture,获+夺得+捕捉-拍摄-录制
choreography,编舞+舞蹈艺术+舞艺
technique,技巧-技术+手法
distort,扭曲+使失真+曲解
energize,激励+使活跃+供给…能量
reluctant , 不情愿的+勉强的
thrive,繁荣-兴旺+茁壮成长
close-up ,特写镜头-特写
expression,表现-表示-表达
edit,编辑+校订
manipulate,操纵+操作
impose,施加影响
layer,层-层次
heighten,提高+增高
replicate, 复制
shipment,运送（到来的货物）
database,数据库-资料库
Clerk,职员
misspell,拼错
undergrad,本科生
reptile,爬行动物
predator, 捕食者
crocodile,鳄鱼
solitary,孤独的+独居的
mysterious,神秘的+不可思议的+难解的
creature,动物-生物
vocalization,发声-发音
swamp,沼泽+湿地
alligator,短吻鳄
chorus,合唱队
frequency,频率
hatchling,刚孵化的小动物
vigil , 守夜+监视
clamor,喧闹-叫嚷
squeak,告密+吱吱叫
youngster,年轻人+少年
interact,互相影响+互相作用
mammal, 哺乳动物
sophistication,复杂+诡辩+老于世故
separate,使分离+使分开
instinct,本能-直觉+天性
reassurance ,使安心-再保证
ballet, 芭蕾舞剧+芭蕾舞乐曲
formalize,使形式化+使正式
theatrical,戏剧性的+剧场的-戏剧的
evolve,发展-进化+进化
receptive,善于接受的+能容纳的
radical,激进的+根本的+彻底的
analogy,类比+类推+类似
predecessor,前任-前辈
improvisational,即兴的
movement,运动+活动+运转
skip,跳跃+跳绳+遗漏+跳读
expressive,表现的+有表现力的
sway,影响+统治+使摇动
gesture,姿态+手势
motivate, 刺激+使有动机+激发…的积极性
dictate,命令+口述+使听写
ballerina,芭蕾舞女演员
bun,圆髻
rigid,严格的+僵硬的-死板的
tunics,束腰外衣
bare,空的+赤裸的-无遮蔽的
pantomime,哑剧+舞剧+手势
rebellion,叛乱+反抗+谋反+不服从
restrictive,限制的+限制性的+约束的
renowned ,著名的+有声望的
denounce,谴责+告发
acrobatics,杂技
excruciate,使苦恼+施酷刑+折磨
rivalry,竞争+对抗+竞赛
hydrologic,水文的
blow,吹+打击+殴打
diagram,图表+图解
constantly, 不断地+时常地
precipitation,沉淀物+冰雹
topography,地势+地形学+地志
valley,山谷+流域+溪谷
hemisphere,半球
moisture,水分+湿度+潮湿+降雨量
pile,堆+大量+建筑群
capacity ,能力+容量
vapor,蒸汽+烟雾
mammoth,长毛象+猛犸象
mastodon, 乳齿象+庞然大物
archaeology,考古学
beast,野兽
tusk,长牙+尖头
sloth,怠惰-懒惰
extinction,消失+消灭+废止
coexist, 共存+和平共处
specie,种类
remains,残余+遗骸
spear,矛-枪
process,处理
compelling, 引人注目的+强制的
accumulation,积聚-累积+堆积物
debris,碎片-残骸
alternative,供替代的选择
seasonality,季节性
shift,移动+变化+手段+轮班
distribution,分布+分配
horizontal,水平的+地平线的+同一阶层的
tundra,苔原
grassland, 草原+牧草地
southward, 向南的+在南方的
diversity,多样性+差异
attractive,吸引人的+有魅力的+引人注目的
global,全球的+总体的
archaeologist,考古学家
nudge, 推动+用肘轻推+没完没了抱怨的人
herd, 兽群-畜群
significantly, 意味深长地+值得注目地
scenario, 方案+情节+剧本
simulate,模仿+假装+冒充
substitute,代用品+代替者
astronomy,天文学
mystery,秘密-谜+神秘-神秘的事物
unresolved,未解决的+无决断力的+不果断的
Soviet,苏联的+苏维埃的
satellite,卫星+人造卫星
radar,雷达
lava,火山岩浆
shield,盾+防护物
molten,熔化的+铸造的+炽热的
warrior,战士-勇士
tectonic,地壳构造上的
zone,地带+地区
volcano,火山
randomly,随便地-任意地
scatter,分散-散开
indicate,表明+指出+预示+象征
element, 元素+要素+原理+成分+自然环境
crucial,重要的+决定性的+定局的+决断的
dynamic,动态的+动力的+动力学的+有活力的
lubricate,润滑+涂油+起润滑剂作用
magma,岩浆
sulfur dioxide,二氧化硫
fluctuation,起伏-波动
eruption,爆发-喷发
radio energy,射电能量
burst,爆发-突发+爆炸
intriguing,有趣的+迷人的
approval, 批准+认可+赞成
graduate,毕业
graduation,毕业
departmental,部门的
requirement,要求
   submit,上交
degree,学位
finance,金融
elective,选修的+选举的+选任的[选修课程
qualified,合格的-有资格的
curriculum,课程
globalization,全球化
apply,申请
faculty,学院
required,必修的
management,管理
organizational,组织的
behavior,行为
dean,院长-系主任
form,表格
meet,满足
conservation,保护-保存
assisted,辅助的
migration,迁徙
consequence,后果
global ,全球的
extinction,灭绝
compelling,引人注目的+强制的+激发兴趣的
evidence,证据
driver,司机-驱动
strategy,策略
threatened,受威胁的
species,物种
survive,生存
unprecedented,空前的-史无前例的
trend,趋势
fuel,燃料
radical,激进的+根本的+彻底的
interdependent,相互依赖的+互助的
translocate,移动位置
latitude,纬度-界限
elevation,海拔
alternate,交替+轮流
interglacial,间冰期的
gradual,稳定的-平缓的
climatic,天气的
swing,秋千-摇摆[摇摆
shift,移动-转变
range,范围-幅度-山脉
fragmented,片段的-成碎片的
habitat,栖息地
retreat,撤退
pave,铺设-安排
ecosystem,生态系统
slice,切下-切片[薄片
prairie,大草原
quarter,地区-季度-四分之一
viable,可行的+能养活的+能生育的
rescue,拯救
proliferate,激增
invasive,侵略性的
native,本土的
choke,窒息
hog,拱起
nutrient,营养
cane,手杖-藤条
toad,蟾蜍
sugarcane,甘蔗
plantation,栽植
pest,害虫
wildlife,野生动物
intimately,熟悉地+亲切地+私下地
fungus,真菌-霉菌
pollination,授粉
network,网络
rate,比率
community,群落
ultimate,最终的
agency,中介-代理
invertebrate,无脊椎的[无脊椎动物
endangered ,濒危的
eliminate,消除
seedling,幼苗
justified,合理的
maverick,持不同意见的人[背离[特立独行的
unintended,不在计划中的
nationalism,国家主义-民族主义
composer,作曲家
initially,最初地
ground-breaking,独创的-开拓性的
stretch,延伸-延展
suffice,足够-有能力
dominate,占支配地位的
lyrical,抒情诗调的+感情丰富的+充满愉悦的
grandeur,壮丽-庄严-雄伟
orchestra,管弦乐队
remote,遥远的
rural,农村的
roam,漫步
celebration,庆祝
religious,宗教的
folk,民间的
document,用文件证明[记录
ethnomusicologist,人种音乐学家
notable,显著的
composition,作曲
adopt,采取-接收-收养
rhythm,韵律
glissando,滑音
hallmark,特征-品质
instantly,立即地
ballet ,芭蕾舞
whale,鲸
migration,迁徙
pattern,模式
breath,呼吸
skim,浏览+掠过
sustantial,大量的-实质性的
summary,概要
adaptation,适应
anatomy,解剖
circulatory,循环的
flow,流动
mammal,哺乳动物
capacity,容量
conserve,保护-保存
dive,潜水-急速下降
metabolic,新陈代谢的
heartbeat,心跳
vital,重要的
organ,器官
kidney,肾
concentrate,集中
Egyptian,埃及的
hieroglyphs,象形文字
momument,纪念碑
temple,寺庙
abruptly,迅速的
mystify,使神秘化
brilliant,灿烂的
artifact,手工艺品
archaeology,考古学
decipher,解释
arguably,可论证的
alaphabet,字母
demotic,通俗的-民众的
elaborate,详细阐述
mundane,日常的
administrative,管理的
coptic,科普特语-埃及古语
linguistic,语言学
remarkable,卓越的
scholar,学者
symbol,标志
suspect,怀疑-猜想
phonetic,语音的
assume,臆断
pictograph,象形文字
symbolize,象征
dominant,占自己配位置的
thesis,论点
critic,批评家
disprove,反驳
solution,解决方案
breakthrough,突破
hypothesis,假设
chase,追
pounce,猛扑
conclusion,结论
wolf,狼
pup,小狗
handicap,障碍
submissive,顺从的
posture,姿势
solid,立体的-结识的
flexibility,灵活性
notion,概念
switch,转变
diversity,多样化
variety,多样化
literally,字面上地
stimulate,刺激
intensity,强度
reversal ,逆转
ad,广告
tutor,辅导
schedule,时间表
independently,独立地
flyer,传单
post ,张贴
neat,整洁的-公整的
route,路线
customize,定制
option,选择
sticky,粘的
standard,标准[标准的
design,设计
investment,投资
advertise,广告
promote,促销-推销
environmentally,环境地
professional,专业的[专业人员
rally,团结-重整[集会
degradation,降级
demonstrator,示威者+论证者+指示者+证明者
participate,参与
spark,火花[闪光
imperil,危及+使陷于危险
strengthen,加强
mainstream,主流
ecological,生态的
tap,轻敲-轻叩
concern,关心
principle,原则
campaign,活动
stimulate,刺激
motivate,使有动机
compact,合同-契约[紧密的-简洁的[使紧密
fluorescent,荧光的
bulb,灯泡
incandescent,发白热光的
effective,有影响的
attribute,属性
charm,魅力
efficient,有效的
impact,影响
recycle,重复利用
classify,分类
lean,倾斜
valid,合理的
dimension,维度
loyalty,忠诚
violate,违反
manufacture,制作
eventually,最终
claim,声称
carbon,碳
cycle,循环-周期
trace,跟踪[踪迹
metal,金属
organism,生物体
quantity,数量
nutritive,营养的
conversion,转变
molecule,分子
respiration,呼吸作用
convert,转变
carbonic,碳的
acid,酸
lung,肺
enzyme,酶
protein,蛋白质
reaction,反应
critical,关键的-起决定性的
photosynthesis,光合作用
scarce,稀少的
shallow,浅的-肤浅的
marine,海洋的
reproduce,繁殖-再生
diatom,硅藻
microscopic,微生物的
photosynthetic,光合作用的
transfer,转换
adsorb,吸收
incorporate,包含-吸收
cadmium,硅藻
toxic,有毒的
poisonous,有毒的
substitute,替代
culprit,犯人-共犯
conference ,会议
volunteerism,志愿者精神-志愿者主义
plus,附加分
jellyfish,水母
float,漂浮
glow,发光
bioluminescence,生物发光体
aquatic,水生的
prey,被捕食者
defense,防御
predator,捕食者
flash,闪光
startle,惊愕[使吓一跳
dim ,暗淡的[模糊
blend,混合
manageable,可管理的
investigate,调查
involve,涉及-包含
identify,识别-辨别
astronomy,天文学
comet,彗星
solar,太阳的
orbit,轨道
periodic,周期的-定期的
approach,方法/接近
Neptune,海王星
elongated,瘦长的
Jupiter,木星
nucleus,核-核心-原子核
core,核心
vaporize,蒸发
spread,扩散
phase,阶段
precede,在…之前
parabolic,抛物线的-比喻的
vicinity,附近
gravitational,重力的-万有引力的
interaction,交互
conservation,保护-保存
restore,保存
preserve,保护-保存
fresco,壁画
methematician,数学家
formula,配方-公式
volume,量-音量-体积
sphere,球体[球体的
palimpsest,重写本
manuscript,手稿
treatise,论述+论文+专著
calculate,计算
crumble,崩溃-击碎
moldy,发毛的-发霉的-陈腐的
bookworm,书呆子-书虫
decay,腐烂
parchment,羊皮纸
forger,铁匠-伪造者
scrible,抄写-写下
scrape,刮掉
ultraviolet,紫外线的[紫外光
spinach,bocai
iron,铁
diagram,图表-图解
emerge,浮现
interdisciplinary,学科间的
volcano,火山
agency ,代理+机构+力量
journal,期刊+日记+日志+
 holding,馆藏+
specialize,专攻+特化+专门从事+
eruption,喷发-爆发
irrigation ,灌溉+水利
hydroponics,水栽法+水耕法
nutrient,营养物
strecth ,伸展
civilization ,文明社会
proof,证明
artificial ,人工的+人造的
shallow,浅的-肤浅的+表面的
weed,杂草
float ,漂浮+
medium ,中等的+媒介物-媒质
generalize ,概括-归纳
reference ,参考+参考书+
analysis ,解析+验定
Coral reef,珊瑚礁
tropical,热带的+
bleach,漂白+使褪色
whitening,变白
Mitigate,使缓和-使减轻+使平息+
transplantation,移植
degradation,恶化+堕落
refugia,残遗种保护区
resilience,适应力+弹性
Mangrove ,红树林
disruptive,分裂的+破坏性的+
shellfish,贝+甲壳类动物+
deplete,耗尽+使空竭
sea urchin,海胆
smother,窒息+闷死
optimize ,使完善+使优化
acoustical ,听觉的+声学的+音响学的
property ,财产+房地产+性质+道具
vibrate,回响+颤动
eardrum,中耳+耳鼓+耳膜
composer,创作者（尤指乐曲的）
instrument,仪器+乐器+工具
identical,同一的+相同的
counterpart,对应物+相似之物+副本
attribute,属性+标志+把 ... 归于
vintage,古典的+优质的
replicate,复制+复制品
dimension, 维度+范围+方面
craftsmanship ,技术
varnish,油漆+掩饰
density ,密度+浓度
porous ,可渗透的+多孔的
uniform,一致的+统一的
differential,差别+差动齿轮
fungus (fungi),真菌+霉菌
decompose ,分解-拆分-拆解+腐烂
dinosaur ,恐龙
Mesozoic era,中生代
sauropod,[动]蜥脚类动物
prehistoric,史前的
mineralized,矿化
offspring,后代+子孙
excess,超过+过量
abundant ,丰富的+充裕的
thrive ,兴旺+繁荣+
digest ,消化+理解
convert,转变
chew,咀嚼+嚼碎+深思
skull,头骨+骷髅头
swallow,燕子+吞咽
grind ,磨+压迫+碾碎
gastrolith,[医]胃石
theoretical,理论上的
violet,紫罗兰+紫色
pigment,色素+颜料
spiritual,精神的+心灵的
subjective,主观的
stimulate,刺激+激励+鼓舞
appeal,呼吁+有吸引力
inspire,鼓舞+激发
optics,光学
chromatics,色彩论+色彩学
marvel,惊异于+惊异
symbolism,象征主义
coincidently,巧合地
prism ,棱柱+棱镜
twist,拧+扭曲
ankle,踝+踝关节
biographical,传记的
sketch,草图+概述
intellectual,知识分子
capture,捕获+占领+夺取
individuality,个性+个人+特色
systematic,有系统的+分类的+体系的
index,指数+索引
citation,引用
switch,转换+开关
consistent,始终如一的+持续的+一致的
contribute,投稿+贡献+是原因之一
thesis ,毕业论文+论文+论题+论点+命题
commitment,承诺+保证+信奉+献身
certification,证明+认证+证书
seminar,研讨会+(大学的)研究班
concentration,集中+专心+浓度
sabbatical,休假+公休
alternate,间隔的+轮流的+交替的
renaissance,文艺复兴+再生
supplemental ,补充的+增补的+不定期的
foundationalism,基础主义
valid,有效的+有根据的+合法的+正当的
slate,板岩+石板
methodological,方法的+方法论的
illusion,错觉+幻觉
mirage,海市蜃楼+幻想
shimmer,微光+闪光
conceive,设想+想出+怀孕
Descartes,笛卡尔(法国哲学家、数学家+1596-1650)
cognitive,认知的+有认识力的
chimpanzee,黑猩猩
primate,灵长目动物
exploration,探险+探索+勘探+探测
hierarchy,等级制度+统治集团+[生]级系
raven,大乌鸦
jay,松鸦+
crow,乌鸦
magpie,喜鹊
scratch,抓+搔（痒）+划破+划掉
pigeon,鸽子
noteworthy,值得注意的
replicate,复制+模拟+折叠
spontaneous,自发的-自然的-本能的+自然产生的
indicative,指示的+暗示的
perspective,远景+看法+透视
empathy,移情作用+共鸣
photosynthesis,光合作用
convert,(使)转变+使…改变信仰
microscopic,显微镜的+极小的+微观的
wavelength,波长+波段
range,范围+射程+山脉
photoreceptor,光感受器+感光器
organism,有机体+生物体+有机组织
conscious,神志清醒的+意识到的+自觉的+有意的
automatic,自动的+无意识的+必然的
far-red,远红外的
infrared,红外线的
spectrum,系列+幅度+范围+光谱+
absorb,吸收+
ratio,比率+比例
shade,阴影+遮蔽
simulate,假装+模拟+模仿
millennia,一千年
sophisticated,老练的+精密的+复杂的+久经世故的
settlement,安置+殖民+定居
hub,中心+轮毂+轮轴
mound,土墩+小丘+一堆
plain,平原+广阔的区域
feature,特征+特色+容貌+特写
burial,埋葬+葬礼+坟墓
remains,剩余物+遗迹+遗体
excavation,挖掘+发掘
documentation,文件+证明文件+史实
canal,运河+沟渠+气管
intricate,.复杂的+难懂的
nomadic,游牧的+游牧民族的+流浪的
deteriorate,恶化+变质+衰退
disintegrate,瓦解+崩溃
restore,恢复+归还+复原
alter,改变+更改
complex,综合体
toll,伤亡人数+钟声
deadline,最后期限-截止日期
register, 登记-挂号-注册
registrar,登记者
registration,登记-挂号-注册
unexpected,料想不到的-意外的-突然的
schedule," 时间表-计划-一览表
"
permission,许可-允许-同意+
extra,额外的-特别的
imply,暗示+意味
cancel,取消+删去+相互抵销
encourage, 鼓励-激励-支持
consider,考虑+认为+照顾+
convince,说服-使相信
semester,半学年+一学期
suitable,适当的+适宜的+
fix,  使固定-准备-修理+固定
efficient,生效的+能干的+有效率的
determine,决定+判决-裁定+
receive,收到-接到+接待-
confirmation,证实-批准-巩固+确认
grant,允许-授与-承认
identify,识别-鉴定-认明+认同+
department,部门-机关
concerned,担忧的-关心的
advanced-level,高级的
required,必需的
confused,困惑的-混乱的
figure,认为+演算+领会到
astronomy,天文学
literature,文学-文献
instructor,教员-讲师-指导书
signature,签名-签署
additional,额外的-附加的
alternative,供替代的选择
guarantee,保证+保证书+担保+
graduate,毕业
fit,合...身+适合于+与...相称
record,记录
requirement,需求-要求-必要条件
option,选择权-选项
diversity,差异+多样性
forest," 森林-林木
"
impact, 冲击-碰撞-撞击+影响
management, 经营+处理+管理
affect,影响-
moist,潮湿的-感伤的-多雨的
rapidly,很快地-迅速地-立即
variability,变化性+变化的倾向+易变
hardwood, 硬木-落叶树-硬木材
acid, 酸+讥刺+有酸味的东西+
uproot,连根拔起-根除
existence,存在+生存
gap,缝隙-间断-缺口
species,种类+（单复同）物种
condition,情况+环境+状态+形势
radiation,发光+辐射+发热+辐射能
property,财产-性质-所有权
factor,"因素-代理人-因数
"
reproduce, 繁殖-生殖+翻拍+
challenge,"挑战-盘问
"
fundamental, 基本的-原音的-重要的
ecology, 生态学
significant,重要的+有意义的+意味深长的+显著的
implication, 含意-暗示
relationship, 关系-关联+亲属关系
dynanmic,动力的+动态的+动力学的
approach,"
门径-接近
"
exposure,暴露-揭露-揭发
controversial,争论的-被议论的-论争的
aspect, 方向-方面
biodiversity,生物多样性
angle,"角度+观点-立场
"
stability,稳定-稳定性+坚定
resource,资源-办法-财力
nitrogen,氮
magnesium,镁
distance,距离+远处+路程
flora,植物群
fauna, 动物群
region,区域-地区-地方
influence,影响+势力+感化
pine,松树+凤梨-菠萝+
needle,针+唱针+编织针+
organic, 器官的-组织的-有机的
absorb,吸收+使全神贯注+汲取-理解
shade,荫-荫凉处-阴暗+遮光物
intensity,强烈-强度-紧张-紧张的程度
moisture,湿气-降雨-水分
remain,剩下-余留+留下+
surrounding,周围的+附近的
temperature, 温度-热度-发烧
decomposition,分解+腐烂
attach,贴上-系上-装上+使附属+使依附
redistribution,重新分配+再分配
fragment,碎片-断片-破片
concentrate, 集中+浓缩+聚集-集结+
quality,品质-才能-特质
predict,预言+预报+预料+
mimic,模仿+摹拟
process, 过程+程序+步骤+工序
promote,晋升+促进+使升级+发扬
handout,讲义材料+施舍+传单
musician,音乐家-作曲家-乐师
theater,剧场+电影院+戏院
acoustics,音响+声学+音响效果
reverberation,反响+反射+回响
contribution,捐助-贡献-捐助之物
architectural, 建筑学的+符合建筑法的+有关建筑的
establish,建立-制定-确立
principle,原则+主义+原理+信条
scatter,使消散-撒-使分散
interfere,妨碍+抵触+冲突+介入
perception, 知觉-领悟力-感觉
illustrate, 举例说明-阐明-作图解+举例
demonstrate,论证-证明+示范操作-展示+说明-
rectangular, 矩形的-长方形的
exemplify,例证-例示
decoration,装饰-装潢+
intimate,亲密的-秘密的-私人的
structral, 结构的-建筑的
conclude,结束-推断-作结论+
contradict,否定+提出论据反对+
previous,早先的-过急的-前面的
statement,陈述-声明-指令
emphasis,强调-重要-加强
auditorium,听众席+会堂-礼堂+观众席
extensive,广的-多方面的-广泛的
reflect,反射+反映-表现+
equation,平衡-等式
struggle,努力-挣扎-奋斗+尽力使得-使劲移动
intend,计划-意欲-打算
instrument,仪器+乐器+器具-
recital,列举+详述+独奏会
orchestra,管弦乐队-
echo,回声+回波+回音
variable,变数-可变物
ceiling,天花板+最高限度
bounce,反跳-弹跳+使跳回-使撞击
distribute,分发+散布+分配
parallel, 平行的-相似的
ornamental,装饰性的+装饰用的+装饰的
plaster, 石膏-膏药-灰泥
statue, 雕像-塑像
chandelier,枝形吊灯
diffuser,扩散器+漫射体+扬声器纸盆+传播者
instruction,指示+教育+用法说明
contemporary,同时代的-属于同一时期的-同时的
critically,批评性地+爱挑剔地+重要地+危急地
familiar, 熟悉的-亲密的-常见的
unfamiliar,没有经验的-不熟悉的
repeating,反复的+连发的+循环的
rhythm,旋律-韵律-节奏
assign,分派-分配+让渡+选派
summarize,作总结-作概括+总结-概括-概述
composition, 写作+作品+作曲+作文
comment,注释+意见+评论
analytical,分析的+解析的+善于解析的
context,上下文+来龙去脉-背景+文章脉络
pattern,花样-图案+格局+形态-样式+样品
lyric,抒情诗+歌词
perspective,远景-透视-看法
repetition,重复+重说+反复+重做
melody, 曲子-曲调-美的音乐
date,确定...的年代
interpretation,解释-翻译-
route,路径-轨道+
inconsistent, 不一致的-矛盾的-不合理的
archaeological,考古学的+考古学上的
supply,补给-供应品-供给
storage,存储器-保管-储藏
carve,刻-雕刻+切+
communication,沟通-交通+通信
functional,功能的
spear,矛+
symbol,符号-象征-记号
generation,一代-产生-一世
recognize, 认出-识别+正式承认
settlement,定居
address,应对
refer,把...归因-认为...起源+
artifact, 人工制品+加工品+手工艺品
hunting, 狩猎
fascinating, 迷人的+着魔的+醉人的
hidden, 隐藏的-秘密的
term,学期-期间-期限
manufacture,制造-加工+粗制滥造+捏造+制造
emergency,紧急状况-紧急需要-紧急事件
mobile,移动的-机动的-易变的
craftsmanship,技能+技术
launch,使下水-把船放进水里+发出-放出
satelite,卫星+人造卫星
explore,探测+在...探险+探勘+探究
potential,有潜力的-潜在的-可能的
technology, 技术-科学技术-工业技术-工艺
fiction,小说-法律的拟制-虚构的故事
ladder,梯-进身的阶梯
objection, 反对+不喜欢+异议+缺点
escape,逃脱+溜走+避开+逃避+被忘掉+避免
velocity, 速度-迅速-速率
humorous,富幽默感的+诙谐的+滑稽的
amusement,娱乐+娱乐活动+消遣
carbon, 碳+
tube,管-隧道-软管
elevator,电梯+起重机-起卸机
orbit,绕...轨道而行+进入轨道-盘旋-沿轨道飞行
altitude,高度+高处-高地+海拔+
equator, 赤道
prominent,卓越的-突出的-显著的
obstacle, 障碍-阻碍-妨害物
gravity,地心引力+重力
fuel,加燃料+供以燃料+得到燃料
misconception,误解
initial,开始的-字首的-最初的
apply,实施+适用+申请
haul, 拖拉+拖运+拖+改变方向+拉
fraction,分数-破片-小部分
track, 行踪+足迹+轨道+小径-小道
feasible,能实行的-适宜的-可行的
cable,电缆+缆+
wire,电线-铁丝网-
flexible,易曲的-柔软的-灵活的
cylinder, 圆筒-圆筒状之物+
molecular,分子的+由分子组成的
rotate, 旋转-转动+轮换调防
photography,摄影学
reserve,保留-预订-保存
exhibit, 展现-展览-陈列+
semiprivate,半私用的+半专用的
acceptable,合意的+受欢迎的+可接受的
approval,同意+批准+认可+赞同
verification, 确认-作证-查证
retrieve,重新得到-收回+检索-撷取+衔回
dormitory, 宿舍
committee, 委员会
sponsor,发起+倡议+主办+为...做保证人
preference, 偏爱-优先选择
finalize,使结束-定稿
publicity, 公开-宣传-人尽皆知
eligible,符合条件的+合格的
funding,资金
cognition,认识-知觉-认识力
cognitive,认知的+有感知的+认识的
motivate, 给...动机+激发+刺激
analogue,相似物+类似物+类似情况+同源词
awareness, 察觉+体认+觉悟
intelligence, 智力+智能+聪明
possess,拥有-持有+占有+具有+懂得-掌握
capability, 能力-才能+耐受力+
uncertainty,不确定+易变+不确信+不可靠
pitch,音高-声音相对的高低+
tone,音调-语调-音质
paddle,桨+搅棒+桨状物+球拍
response,反应-响应-回答
eager, 热心的-热望的-渴望的
hesitation, 踌躇-犹豫+口吃+含糊
initiate,开始+传授+发动
trial, 试验-审讯-考验
protest,对...提出异议+抗议-反对+力言-断言
consequence,结果+推论+推理
colleague,同事+同僚
devise,设计+图谋+发明
display, 陈列+显示+展出+表现
analogous, 类似的
density,密度
feedback,反馈+反馈意见
punishment,处罚-惩罚-刑罚
associate,联想-把...联想在一起+
highlight,强调+照亮+加亮+使 ... 显得重要+使突出
paleontology,古生物学
descendant, 子孙+后代+后裔
commonality,公共+共性+老百姓
feather, 羽毛
fossil,化石-古物
parenting,(父母)对孩子的养育
ferocious, 残忍的-凶猛的
reptile,爬行动物+卑鄙的人
incubate,孵卵-孵化+培养+温育+酝酿+孵蛋-
crocodile, 鳄鱼+鳄鱼皮
assume,以为+认为+假定为+承担
posture, 姿势-情形-态度
clue, 线索-提示-
mammalian, 哺乳动物的
exclusive,独占的-排外的-唯一的
volume,体积-册-大小
fossilize,使成化石+使陈腐+变成化石
spongy,海绵状的+富有弹性的+轻软的+多孔的
tissue,纸巾+薄绢+(生物的)组织+织物
calcium,钙
eggshell,蛋壳+
postimpressionist,后期印象派的
depict,描述+描写
constellation,星座-灿烂的一群
miniature,缩图-小画像
portrait,肖像-人像-
nocturnal, 夜的-夜曲的
paradox,悖论
permanent, 永久的-固定的-不变的
firsthand,直接地
inspiration,灵感+妙计-好办法+
realist,现实主义者
impressionist,印象主义者+印象派作家
striking,显著的+吸引人的
attribute, 属性+标志-象征+特质
mineral,矿物-苏打水-无机物
sample,样品-标本
Mars,火星+战神
amino acid,氨基酸
originate,创始+创作+发源+产生+来自
microorganism,微生物
protein,蛋白质
deposit, 存款-堆积物-定金
potassium,钾
acidic,酸的+酸性的
handedness,用右手或左手的习惯+旋向性
synthesize, 综合+合成
crystalline,水晶(般)的+水晶做的+透明的
theoretically,理论上
remnent, 残余-剩余+零料-边角剩料+遗迹-遗风+
contaminate,弄脏+污染
prevalence,流行-盛行+流行程度+普遍-广泛
genre, 类型+流派
evolution, 进化-进展-发展
steel,钢-钢铁
alter,改变+
distort,弄歪+歪曲+扭曲
versatility,多才多艺+可转动性-活动性+多用途-多功能+易变
amplify,放大+扩大+增强+扩展+发挥-详述
distinguish, 区别+辨认出+识别+把...区别分类+区别+辨别+识别
precede,在...之前-较...优先-优于+处在前面+领先
simplify, 简化-精简+使平易+使单纯
manipulate,操纵-操作-利用
modify,更改-修改+修饰+缓和-减轻
string,弦+线+链条+细绳
horizontally,水平地
device,装置+图案+设计+
eliminate, 除去-剔除-排除
vibration,颤动+震动+振动+摆动
trade," 贸易-交易+行业+职业
"
community,社区+[生态] 群落+共同体+团体
curious, 好奇的-有求知欲的
architecture,建筑学+建筑风格+建筑式样
major,主修科目
settlement, 解决-处理+殖民
career, 生涯+职业+事业
comparison, 比较+对照+比喻+比较关系
purpose," 目的+用途+意志
"
assignment,分配+任务+作业+功课
colony,殖民地+移民队
defer," 推迟+延期+服从
"
geography, 地理+地形
urban," 城市的+住在都市的
"
centralized,"集中的+中央集权的
"
compact," 合同-契约+小粉盒+
"
exchange," 交换+交流+交易所+兑换
"
participatory, 供人分享的+吸引参与的
religion, 宗教+宗教信仰
field, 领域+牧场+旷野
graze, 吃草+擦伤
Medieval, 中世纪的+原始的
initially, 最初-首先+开头
trading posts, 商栈+交易站
settler," 移居者+殖民者+
"
storage, 存储+仓库+贮藏所
port, 港口-口岸
facility, 设施+设备+容易+灵巧
characteristics, 特性-特征+特色
distinctive, 有特色的-与众不同的
instrument,仪器+工具+器械
familiar, 熟悉的+常见的+亲近的
Greeks, 希腊人（Greek的复数）
approach, 方法+途径+接近
survived, 幸存的
record, 档案-履历+唱片+最高纪录
poem, 诗
reproduce, 复制+再生+生殖
melodies, 美妙的音乐-歌曲（复数）
rhythms,韵律
improvised,即兴的+临时准备的
philosophy, 哲学+哲理+人生观
influence, 影响+势力
attitudes, 态度-看法（attitude复数）
entertainment, 娱乐+消遣+款待
festival, 节日+庆祝-纪念活动
sculpture, 雕塑+雕刻
painting, 绘画+油画+着色
govern, 管理+支配+统治+控制
mathematical, 数学的-数学上的+精确的
universe, 宇宙+世界+领域
character, 性格-品质+特性+角色
essence,本质-实质+精华+香精
personality,个性+品格+名人
sensitive, 敏感的+感觉的
mess, 弄乱-弄脏+毁坏+使就餐
philosopher, 哲学家+哲人
context, 环境+上下文+来龙去脉
element, 元素+要素+原理+成分+
Plato, 柏拉图（古希腊哲学家）
instill, 徐徐滴入+逐渐灌输
leadership,领导能力+领导阶层
conventional,符合习俗的-传统的+常见的
innovation,创新-革新+新方法
breakdown, 故障+崩溃+分解
fabric, 织物+布+组织
crust, 地壳+外壳
plate, 碟+金属板
mantle,地幔+斗篷+覆盖物
molten,熔化的+铸造的+炽热的
tectonic, [地质] 构造的+建筑的
conceivably, 令人信服地+可相信地
geologist, 地质学家-地质学者
creep, 爬行+蔓延
atlantic ocean,大西洋
spread,传播+伸展
split, 离开+被劈开+断绝关系
ridge, 山脊+山脉+屋脊 
interior, 内部+本质
blink, 眨眼+瞬间+闪光 
predict, 预报-预言+预知
merge, 合并+融合 
giant, 巨大的+巨人般的
landmass, 大陆
Pangea Ultima,终极盘古大陆
debate,辩论-争论-讨论
hypothesis, 假设
subduction, 俯冲+除去+减法
collide, 碰撞+抵触-冲突
edge,边缘+优势+刀刃+锋利 
sink, 下沉+消沉+渗透 
slab, 厚板-平板
speculate, 推断
packet, 数据包-信息包+小包
marine, 航海的-海运的 
internship, 实习生+（美）实习期
mail carrier,邮递员+邮车
credit, 学分+信任+声望 
register, 登记+注册+挂号 
finalize,完成+使结束 
enrollment,登记+入伍
approval, 批准+认可+赞成
display, 显示+表现+陈列
seafloor, 海底
open ocean,公海
scuba diving,轻便（潜水器）潜水
oceanography,海洋学
switch, 转换+抽打+换防 
relief,救济+减轻-解除+安慰
marine biology,[生物] 海洋生物学
decline, 下降+衰落+谢绝
coral reef,珊瑚礁
tropical, 热带的+热情的+酷热的
degrade, 降级-降低+退化
predator,[动] 捕食者
starfish,海星
explode,爆炸-爆发+激增 
destroy, 破坏+消灭+毁坏
outbreak,爆发+（疾病的）发作
debate, 辩论-争论-讨论
phenomenon,现象+奇迹+杰出的人才
undergo, 经历-经受+忍受
fluctuation, 起伏-波动
spawning, 产卵+增殖 
snail, 蜗牛+迟钝的人
triton, [核] 氚核+法螺
overfishing, 渔捞过度 
fertilizer,[肥料] 肥料+受精媒介物
runoff, [水文] 径流+流走的东西 
nutrient,营养物+滋养物 
phytoplankton, [植] 浮游植物（群落）
larval,幼虫的+幼虫状态的
condense, 浓缩+凝结
frenzy, 狂暴+狂怒+暴怒
detect, 察觉+发现+探测
diversity,多样性+差异
reestablish,恢复-重建+复兴
anthropology, 人类学
tame, 驯养+使变得平淡+制服
domesticate, 驯养+教化+引进
thrive, 繁荣-兴旺+茁壮成长
archaeological, [古] 考古学的
perennial, 多年生的+常年的
settlement,解决-处理+沉降+殖民
harsh, 严厉的+严酷的
barn,谷仓+畜棚
Ukraine,乌克兰
Kazakhstan, 哈萨克斯坦
corral, 畜栏
pen,钢笔+作家+围栏 
phosphorus, 磷
indicator, 指示器+[计] 指示符
manure, 肥料+粪肥 
nitrogen,[化学] 氮
calcium,[化学] 钙
preserve,保存+保护+维持+腌+禁猎
fireplace, 壁炉
potassium,[化学] 钾
nomadic, 游牧的+流浪的+游动的
buyback, 回购-回买协议
assign, 分配+指派+[计][数] 赋值
Water stains, 水迹 +水渍
scruffy, 破旧的+肮脏的+不整齐的
beat-up, 破旧的+蓬头垢面的
archaeology, 考古学 
insignificant,无关紧要的
discoveries,发现（discovery的复数）
potential,潜能+可能性+[电] 电势
Uganda, 乌干达（非洲国家）
sediment, 沉积+沉淀物
trace,痕迹-踪迹+微量
archaeologist,考古学家
phytolith,植物化石
microscopic,微观的+用显微镜可见的
silica,二氧化硅+[材] 硅土
decay, 衰退-[核] 衰减+腐烂
remain,遗迹+剩余物-残骸 
implication,含义+暗示+牵连-卷入
pottery, 陶器+陶器厂+陶器制造术
edible,可食用的
intervention, 介入+调停+妨碍
cultivate, 培养+陶冶+耕作
staple food,主食+主粮
mystery, 秘密-谜+神秘
conclusively, 最后地+决定性地
prey, 捕食+被捕食的动物
boom-and-bust, 繁荣与萧条+[经] 一时性繁荣
exponentially, 以指数方式
accelerating, 促进的-[物] 加速的+催化的
finite, 有限的+限定的
ecosystem,生态系统
carrying capacity,[力][铁路] 承载能力
sustain,维持+支撑-承担+忍受
environmental resistance,[生态] 环境阻力+环境抗力
predation,捕食+掠夺
gypsy,吉卜赛人+吉卜赛语
gypsy moth,【昆虫】舞毒蛾 
oak tree,橡树
white-footed mice,白足鼠
acorn, [植] 橡子+[林] 橡实
caterpillar, [无脊椎] 毛虫+履带车
strip away,除去+揭掉
anthropology,人类学 
field trip,（学生）实地考察旅行
hike, 远足+徒步旅行+涨价
destructive, 破坏的+毁灭性的+有害的
archaeological,[古] 考古学的
pistachio, 阿月浑子果实+阿月浑子树
almond,扁桃仁+扁桃树
prune,修剪+删除+剪去 
harvest, 收割+得到
timely, 及时的+适时的 
copper basin, 铜盆 | 城市
Tennessee river,田纳西河
barren, 贫瘠的+不生育的
reclaim,开拓+回收再利用
restore,恢复+还原
fertile,富饶的-肥沃的+能生育的
tedious,沉闷的+冗长乏味的
whitewater,急流+白色水域
kayaking, 独木舟+皮划艇+皮艇运动
ore, 矿+矿石 
extracted,萃取的+引出的
heap roasting,堆烧 | 堆摊焙烧 | 堆焙烧
sulfur, 硫磺+硫磺色 
vat,大桶+瓮染料制剂桶 
remote, 遥远的+偏僻的+疏远的
deforestation,采伐森林+森林开伐
sulfuric,硫磺的+含多量硫磺的
toxic,有毒的+中毒的
sulphur dioxide,[无化] 二氧化硫
droplet,小滴-微滴
acidic, 酸的-酸性的+产生酸的
erode, 侵蚀+受腐蚀
swept, 扫除（过去式和过去分词）
silting, [地质] 淤积+淤塞+充填
reforestation,重新造林
reclamation,开垦+收回+再利用+矫正
architectural,建筑学的+建筑上的
discouragement, 气馁+挫折+劝阻
respectable,值得尊敬的
utilitarian,功利主义者 
quote, 引用
exceptional, 异常的-例外的
penchant,嗜好+倾向
critic,批评家-评论家+爱挑剔的人
mental,精神的+脑力的+疯的
physical,[物] 物理的+身体的+物质的
hexagonal,六边的-六角形的
chimney, 烟囱
flue, 烟道+暖气管
fireplace, 壁炉
hallway, 走廊+门厅+玄关
broom, 扫帚+金雀花 
rectangular, 矩形的+成直角的
biographer, 传记作者
downplay, 不予重视+将...轻描淡写
ingenuity, 心灵手巧-独创性+精巧
patent,专利权+执照+专利品
the housing maintenance office,房屋维修办公室
electric heaters ,电热器
custodian,管理员
the maintenance crew ,维修队
genetics,遗传学
original,独创的+最初的+新颖的[原型+原件
broccoli,花椰菜+西兰花
Brussels sprouts,球芽甘蓝
asparagus,芦笋
cauliflower,花椰菜+菜花
trauma,创伤（由心理创伤造成精神上的异常）+损伤+痛苦经历
verdict,（陪审团的）裁决+裁定+（经过试验、检验或体验发表的）决定+意见
mutation,变化+转变+突变+变异
sensory deficit,[医]感觉短缺
sensitivity ,敏感-感受性+仪器等的)灵敏性+[摄]感光度
segment ,部分-段落+环节
compelling,引人入胜的+扣人心弦的+非常强烈的+不可抗拒的
the Great Pyramid of Giza,吉萨金字塔
pharaoh,法老（古埃及国王）
oversee,监督-监视
massive,大而重的-大块的
crane,吊车-起重机
ramp,土堤斜坡
drag,拖
bend,拐弯-弯道
proportion,等比关系+比例
dimension,量度+尺寸+大小+面积 
exterior,外面的+外部的
spiral,螺旋形的+盘旋的+盘旋上升的
microgravimetry,微重力测量
void,空位-空隙+ 
interior,内部的
correspond,相符合-相一致
basin,盆地+盆
annual,每年的+一年的+ 
moisture,水分+湿气+潮湿+降雨量
drill,钻（孔）+打（眼）
drought,干旱（时期）-旱季+旱灾
innovative,革新的+创新的+富有革新精神的+创新立异
conservation,对自然环境的保护
reevaluate,       再评估-再评价
insulate,使隔离-使孤立+使绝缘-使隔热
tissue, [生]组织
thrive,兴盛-兴隆+长得健壮+茁壮成长
diverse,不同的-多种多样的+变化多的+形形色色的
organism,有机体+生物体+微生物+有机体系-有机组织
Antarctica,南极洲
fossil,化石
ancestral,祖先的+与祖先有关的+祖宗传下的
bind,约束+装订+捆绑+（用长布条）缠绕
continental plate,大陆板块
encircle,包围+围绕
ecological vacuum,生态真空
ecological niche,[动]生态位
diversification,变化-多样化+
adaptive radiation,[遗]适应性辐射
magnificent,壮丽的+伟大的-高尚的+华丽的-高贵的+瑰丽的
villa,别墅-公馆+<英>（城郊）住宅
lavishly,非常大方地-浪费地-极其丰富地
exotic,异国的+外来的+异乎寻常的-奇异的+吸引人的
ornamental,装饰的-装饰用的
the Renaissance,文艺复兴+文艺复兴时期+文艺复兴时期
authoritative,权威的+有权力的+当局的+命令式的
compile,汇编+编辑+编制+编译
compressed air,压缩空气
repurpose,赋予新的用途
fountain,人工喷泉+喷水池+喷射+源泉
novelty,新奇+新奇的事物+新颖小巧而价廉的物品
trick,戏法-把戏
fabulous,极好的-极妙的+（美貌）惊人的+
squirt,喷射-喷湿+注射
prestige,威信-威望-声望
maze[labyrinth,迷宫
duplicate,完全一样的东西-复制品
catalog,目录-目录册-目录簿
retrieve,取回+恢复
circulation,流通
donation,捐赠-赠送+捐款+捐赠物
autobiography,自传
familiarity,熟悉+通晓+认识+友好随便
chaotic,混沌的+一片混乱的+一团糟的+混乱的+杂乱的+紊乱的
random,胡乱的+随便的
randomness,随意-无安排+随机性
embrace,包括+包含+接受+信奉
canvas,帆布+油画（布）
unconventional,非传统的+非常规的+不依惯例的+通脱自喜
plot,（戏剧、小说等的）情节+
self-contained,独立的+设备齐全的+自给自足的+沉默寡言的
chant,吟颂-咏唱+反复有节奏地喊叫（或唱等）
landfill,废渣埋填法+垃圾填筑地
food scrap,食品废料 
digestion,消化-细菌分解
anaerobic,厌氧菌的-厌氧菌产生的+（细菌等）能在无空气（或无氧）情况下生活（或成长）的+无氧
byproduct,副产品+意外结果-副作用
sludge,泥浆-烂泥+沉淀物+泥状雪
cost-effective,有成本效益的-划算的+合算的
convert,（使）转变
acid,酸味的+尖刻的+酸的+酸性的
methane,<化>甲烷-沼气
versatile,（指工具、机器等）多用途的
pollination,<植>授粉（作用）
pollinator,传粉者-传粉媒介-传粉昆虫+授花粉器
under-fed,吃不饱
coincide,与…一致+想法、意见等相同+相符+极为类似
scent,香味-气味+嗅觉+ 
pollen,花粉+[虫]粉面
nectar,花蜜+（古希腊、罗马神话中的）众神饮的酒+琼浆玉液+甘美的饮料
visibility,能见度+可见性+可见距离+清晰度
bloom,开花+使植物繁盛+发光
fragrant,芳香的-香的+愉快的+喷香+芳菲
fragment,（使）碎裂-破裂-分裂
alter,改变+更改+改建
dispersal,散布+分散+消散+驱散
disruption,分裂-瓦解+破裂-毁坏+中断
accelerate,（使）加快-（使）增速+加速-催促+促进+速度增加
mature,使…成熟+使…长成
marginally,少量地+最低限度地
all-star,明星云集的+明星班子成员
trumpet,喇叭+小号
thoroughly,彻底地+认真仔细地+完全地+非常
tenor saxophone,次中音萨克斯管
improvise,即兴创作+临时提供-临时凑成
recruit,招聘-征募+吸收某人为新成员
collaborate,合作-协作
parallel,相似之物-类似物
insight,洞察力-洞悉+直觉-眼光+领悟+顿悟
